file;batch;md5;width;height;bytes
img Batch 1/WhatsApp Image 2026-07-07 at 12.02.57 (1).jpeg;img Batch 1;b02a933fc1a1d656887d7e4a90675fc7;1536;2048;682271
img Batch 1/WhatsApp Image 2026-07-07 at 12.02.57 (2).jpeg;img Batch 1;83d56e3167b43ba5db962619e9003513;1536;2048;539673
img Batch 1/WhatsApp Image 2026-07-07 at 12.02.57 (3).jpeg;img Batch 1;3b1e67d8bc6d5df9d3f9c8e9e14ac2aa;1536;2048;597349
img Batch 1/WhatsApp Image 2026-07-07 at 12.02.57.jpeg;img Batch 1;1bd8f603e75230ecbae48f43bbdc507d;1536;2048;501748
img Batch 1/WhatsApp Image 2026-07-07 at 12.02.58 (1).jpeg;img Batch 1;22f69e98b2a73853feb84f54c57a3752;1536;2048;646597
img Batch 1/WhatsApp Image 2026-07-07 at 12.02.58 (2).jpeg;img Batch 1;b904e2c1f3d360bf6ab1309c6f1c2ba5;1536;2048;526193
img Batch 1/WhatsApp Image 2026-07-07 at 12.02.58 (3).jpeg;img Batch 1;8662117eda278c669c265a0a41d18376;1536;2048;574276
img Batch 1/WhatsApp Image 2026-07-07 at 12.02.58 (4).jpeg;img Batch 1;29e5dc550b6fe346699ba0a8f1a2b452;1536;2048;633711
img Batch 1/WhatsApp Image 2026-07-07 at 12.02.58 (5).jpeg;img Batch 1;8eb9babf64fcdfb550f382948384e704;1536;2048;538918
img Batch 1/WhatsApp Image 2026-07-07 at 12.02.58.jpeg;img Batch 1;09bd74cf0f85e7ebf3dfae0ff0763628;1536;2048;561141
img Batch 1/WhatsApp Image 2026-07-07 at 12.02.59 (1).jpeg;img Batch 1;ba0f44ae67316841a52545661bf77d5c;1536;2048;673722
img Batch 1/WhatsApp Image 2026-07-07 at 12.02.59 (2).jpeg;img Batch 1;ba0f44ae67316841a52545661bf77d5c;1536;2048;673722
img Batch 1/WhatsApp Image 2026-07-07 at 12.02.59 (3).jpeg;img Batch 1;a60f778aeeea8b76be570cabfa3999b0;1536;2048;533619
img Batch 1/WhatsApp Image 2026-07-07 at 12.02.59 (4).jpeg;img Batch 1;40092020cbbd23f2e25a8c0d7d012310;1536;2048;619333
img Batch 1/WhatsApp Image 2026-07-07 at 12.02.59 (5).jpeg;img Batch 1;738185100bb2212981999f4b9ab9b95f;1536;2048;470379
img Batch 1/WhatsApp Image 2026-07-07 at 12.02.59 (6).jpeg;img Batch 1;b54ebd1543a377f98be5347b602dbcf2;1536;2048;543395
img Batch 1/WhatsApp Image 2026-07-07 at 12.02.59 (7).jpeg;img Batch 1;9f662f5dd6623d8e04d030a31ac008cf;1536;2048;606763
img Batch 1/WhatsApp Image 2026-07-07 at 12.02.59 (8).jpeg;img Batch 1;ac7bbdbc20f37ad1dc8966872d503cbe;1536;2048;466298
img Batch 1/WhatsApp Image 2026-07-07 at 12.02.59 (9).jpeg;img Batch 1;d8bd075c84430aeabadbdffa2ab6480f;1536;2048;495041
img Batch 1/WhatsApp Image 2026-07-07 at 12.02.59.jpeg;img Batch 1;f1af88e7d8b0eac8aede09a12561cf4f;1536;2048;529204
img Batch 1/WhatsApp Image 2026-07-07 at 12.03.00 (1).jpeg;img Batch 1;e9e1de63a5a949a0dbfd6421b6145991;1536;2048;522719
img Batch 1/WhatsApp Image 2026-07-07 at 12.03.00 (2).jpeg;img Batch 1;2d1971162dcc7bf61ba1b69006c419d0;1536;2048;511978
img Batch 1/WhatsApp Image 2026-07-07 at 12.03.00 (3).jpeg;img Batch 1;d0cefcfee4688e93ebb83026c30bf2f0;1536;2048;507789
img Batch 1/WhatsApp Image 2026-07-07 at 12.03.00 (4).jpeg;img Batch 1;4d7abcb004cd83f478d4e1982e6f24d4;1536;2048;521578
img Batch 1/WhatsApp Image 2026-07-07 at 12.03.00 (5).jpeg;img Batch 1;243066dc8c8f56800e9215ce515a3408;1536;2048;509629
img Batch 1/WhatsApp Image 2026-07-07 at 12.03.00.jpeg;img Batch 1;3d6d757ead5dd3be0635c28f1da86411;1536;2048;527225
img Batch 1/WhatsApp Image 2026-07-07 at 12.03.01 (1).jpeg;img Batch 1;027217f892da18d0a03995ca7744e178;1536;2048;549213
img Batch 1/WhatsApp Image 2026-07-07 at 12.03.01 (2).jpeg;img Batch 1;027217f892da18d0a03995ca7744e178;1536;2048;549213
img Batch 1/WhatsApp Image 2026-07-07 at 12.03.01 (3).jpeg;img Batch 1;e839c52570d8ca3c5d079c965ffdb1b5;1536;2048;470085
img Batch 1/WhatsApp Image 2026-07-07 at 12.03.01 (4).jpeg;img Batch 1;ceed3de5bd86cb34c3399fc9fdf11091;1536;2048;532248
img Batch 1/WhatsApp Image 2026-07-07 at 12.03.01 (5).jpeg;img Batch 1;705288ce6bd2e8c71b7e8fd2f517491b;1536;2048;475225
img Batch 1/WhatsApp Image 2026-07-07 at 12.03.01.jpeg;img Batch 1;6b6f20c078950084222687ceaeecefbb;1536;2048;643600
img Batch 1/WhatsApp Image 2026-07-07 at 12.03.02 (1).jpeg;img Batch 1;829053d9a55c9c2049b26f30579a3fe6;1536;2048;550632
img Batch 1/WhatsApp Image 2026-07-07 at 12.03.02 (2).jpeg;img Batch 1;c7bf99d9db2a4823d820d65bb29f3c6a;1536;2048;521256
img Batch 1/WhatsApp Image 2026-07-07 at 12.03.02 (3).jpeg;img Batch 1;6d61620264615ebcdbfb8ccaf9309e73;1536;2048;580111
img Batch 1/WhatsApp Image 2026-07-07 at 12.03.02 (4).jpeg;img Batch 1;f19d111866b652fe4b8e4265e0db0705;1536;2048;638471
img Batch 1/WhatsApp Image 2026-07-07 at 12.03.02 (5).jpeg;img Batch 1;92d531c869a8a3f6e0047b12b9a8ca3d;1536;2048;536685
img Batch 1/WhatsApp Image 2026-07-07 at 12.03.02 (6).jpeg;img Batch 1;4e7fa75a0929cee39b8a6acf3e1aef0c;1536;2048;605649
img Batch 1/WhatsApp Image 2026-07-07 at 12.03.02 (7).jpeg;img Batch 1;87fa067f83621830d7bba31cf2d851e6;1536;2048;601004
img Batch 1/WhatsApp Image 2026-07-07 at 12.03.02 (8).jpeg;img Batch 1;44eb049c2737ebb3e535dd90dd914a4a;1536;2048;628594
img Batch 1/WhatsApp Image 2026-07-07 at 12.03.02 (9).jpeg;img Batch 1;37e4755920951edbbb3e645b94f4d1b7;1536;2048;576444
img Batch 1/WhatsApp Image 2026-07-07 at 12.03.02.jpeg;img Batch 1;3d725ddfbcb93856d7232c8d6ccbfdae;1536;2048;502220
img Batch 1/WhatsApp Image 2026-07-07 at 12.03.03 (1).jpeg;img Batch 1;67b06afb6b0b0ce8429868386d31a371;1536;2048;610520
img Batch 1/WhatsApp Image 2026-07-07 at 12.03.03 (10).jpeg;img Batch 1;830aeeb57c91a85f13d4ac9a639820a1;1536;2048;406273
img Batch 1/WhatsApp Image 2026-07-07 at 12.03.03 (2).jpeg;img Batch 1;cedc924390d5a7a5ac4d068c5b46b08f;1536;2048;623754
img Batch 1/WhatsApp Image 2026-07-07 at 12.03.03 (3).jpeg;img Batch 1;a7671a4c5e2ab36e7104e628a6f662cc;1536;2048;657721
img Batch 1/WhatsApp Image 2026-07-07 at 12.03.03 (4).jpeg;img Batch 1;7fb795045c49c33a873ad348028a83b2;1536;2048;481710
img Batch 1/WhatsApp Image 2026-07-07 at 12.03.03 (5).jpeg;img Batch 1;6b59b6c2a1ae90b8e8d978f121a9bcfa;1536;2048;557716
img Batch 1/WhatsApp Image 2026-07-07 at 12.03.03 (6).jpeg;img Batch 1;c16e553554d87cafd93b338e137f6fe8;1536;2048;569161
img Batch 1/WhatsApp Image 2026-07-07 at 12.03.03 (7).jpeg;img Batch 1;ada2cc72d98935511c486ed2e094594c;1536;2048;555393
img Batch 1/WhatsApp Image 2026-07-07 at 12.03.03 (8).jpeg;img Batch 1;166dc9600487f601b8ce28341a7b2952;1536;2048;548193
img Batch 1/WhatsApp Image 2026-07-07 at 12.03.03 (9).jpeg;img Batch 1;9ffb9933c5cbb86a9c4c580d3735d25e;1536;2048;538041
img Batch 1/WhatsApp Image 2026-07-07 at 12.03.03.jpeg;img Batch 1;da7cbac45d925b18cfc59e60ae9aed4c;1536;2048;599363
img Batch 1/WhatsApp Image 2026-07-07 at 12.03.04 (1).jpeg;img Batch 1;629fe7f8988d92c2188de5e80c9a345c;1536;2048;572336
img Batch 1/WhatsApp Image 2026-07-07 at 12.03.04 (2).jpeg;img Batch 1;bb46bd0f8f75f6e82a1b07226d9f6f4c;1536;2048;581676
img Batch 1/WhatsApp Image 2026-07-07 at 12.03.04 (3).jpeg;img Batch 1;e3ff89179d7d8f3bb905c74530572f6a;1536;2048;577504
img Batch 1/WhatsApp Image 2026-07-07 at 12.03.04 (4).jpeg;img Batch 1;bdcd4cec29666e33398bf11ce67d46c8;1536;2048;537514
img Batch 1/WhatsApp Image 2026-07-07 at 12.03.04 (5).jpeg;img Batch 1;8b22febf74e28c4b17a98bcd88b9aee5;1536;2048;506059
img Batch 1/WhatsApp Image 2026-07-07 at 12.03.04.jpeg;img Batch 1;bde11ad74012f6d996f449dedc02ee50;1536;2048;541100
img Batch 2/WhatsApp Image 2026-07-09 at 00.30.41.jpeg;img Batch 2;dfdc17831ddfde0d18a85f015940f0e3;1152;2048;393298
img Batch 2/WhatsApp Image 2026-07-09 at 00.30.42 (1).jpeg;img Batch 2;f4020ee11b6d39868162ca9f29ec157d;1152;2048;409762
img Batch 2/WhatsApp Image 2026-07-09 at 00.30.42 (2).jpeg;img Batch 2;54d0cf1517f707f8f0d9c35632817be3;1152;2048;394386
img Batch 2/WhatsApp Image 2026-07-09 at 00.30.42 (3).jpeg;img Batch 2;e95e5c03ad6accf25adae5aba8de58a7;1152;2048;431139
img Batch 2/WhatsApp Image 2026-07-09 at 00.30.42 (4).jpeg;img Batch 2;e95e5c03ad6accf25adae5aba8de58a7;1152;2048;431139
img Batch 2/WhatsApp Image 2026-07-09 at 00.30.42.jpeg;img Batch 2;cefb9b8ece54412f0d5d7c9c9353f61c;1152;2048;478928
img Batch 2/WhatsApp Image 2026-07-09 at 00.30.43 (1).jpeg;img Batch 2;80be9a92b0315a12778eb28801026034;1152;2048;481141
img Batch 2/WhatsApp Image 2026-07-09 at 00.30.43 (2).jpeg;img Batch 2;e12c20049adaacf48deee56eb65183fd;1152;2048;371702
img Batch 2/WhatsApp Image 2026-07-09 at 00.30.43 (3).jpeg;img Batch 2;1ed4d800be71a388ef12584ec2cbd9f6;1152;2048;437587
img Batch 2/WhatsApp Image 2026-07-09 at 00.30.43 (4).jpeg;img Batch 2;1ed4d800be71a388ef12584ec2cbd9f6;1152;2048;437587
img Batch 2/WhatsApp Image 2026-07-09 at 00.30.43 (5).jpeg;img Batch 2;9e469a5725baca9848e8eafe0cebbc7a;1152;2048;337539
img Batch 2/WhatsApp Image 2026-07-09 at 00.30.43 (6).jpeg;img Batch 2;0c1c8344a77994ab28487134c2d35f4a;1152;2048;266722
img Batch 2/WhatsApp Image 2026-07-09 at 00.30.43.jpeg;img Batch 2;80be9a92b0315a12778eb28801026034;1152;2048;481141
img Batch 2/WhatsApp Image 2026-07-09 at 00.30.44 (1).jpeg;img Batch 2;155e2d30efab3c060b1898978b6b0044;1152;2048;371559
img Batch 2/WhatsApp Image 2026-07-09 at 00.30.44 (2).jpeg;img Batch 2;82ea1bd21622eae38ef8ca07adf4af1d;1152;2048;356560
img Batch 2/WhatsApp Image 2026-07-09 at 00.30.44 (3).jpeg;img Batch 2;ef2ae525d7ba67568201e5e93485933e;1152;2048;330835
img Batch 2/WhatsApp Image 2026-07-09 at 00.30.44.jpeg;img Batch 2;69da74220869b88b63b7bb8a99c5db89;1152;2048;318637
img Batch 2/WhatsApp Image 2026-07-09 at 00.30.45 (1).jpeg;img Batch 2;6303afe12be9c3fb8d01d58c4b159222;1152;2048;413527
img Batch 2/WhatsApp Image 2026-07-09 at 00.30.45 (2).jpeg;img Batch 2;9948af40eaf1b8425d737aef02ca6c2d;1152;2048;412625
img Batch 2/WhatsApp Image 2026-07-09 at 00.30.45 (3).jpeg;img Batch 2;6b1f6278d4ce2ac6b813883d5f441d5c;1152;2048;406966
img Batch 2/WhatsApp Image 2026-07-09 at 00.30.45 (4).jpeg;img Batch 2;01676993d0cc49019796557ee7a4c2b8;1152;2048;376682
img Batch 2/WhatsApp Image 2026-07-09 at 00.30.45.jpeg;img Batch 2;d181a651b4f9003cd8b89f9c8de6d27a;1152;2048;366875
img Batch 2/WhatsApp Image 2026-07-09 at 00.30.46 (1).jpeg;img Batch 2;e8e13fd6b1e6cc3e2ebb71fc121d6757;1152;2048;321384
img Batch 2/WhatsApp Image 2026-07-09 at 00.30.46 (2).jpeg;img Batch 2;6222035e103463b7212102cffa80ee01;1152;2048;350202
img Batch 2/WhatsApp Image 2026-07-09 at 00.30.46 (3).jpeg;img Batch 2;30d6fc02218508e10f3783a260a321c2;1152;2048;439761
img Batch 2/WhatsApp Image 2026-07-09 at 00.30.46 (4).jpeg;img Batch 2;afd9f1631070eabff0fa30c5933462b4;1152;2048;391956
img Batch 2/WhatsApp Image 2026-07-09 at 00.30.46.jpeg;img Batch 2;d6cb6a41f0d0ae37930bd25bc1d3acd2;1152;2048;379629
img Batch 2/WhatsApp Image 2026-07-09 at 00.30.47 (1).jpeg;img Batch 2;d1429b119371cf879ab44eae8b26e70b;1152;2048;317836
img Batch 2/WhatsApp Image 2026-07-09 at 00.30.47 (2).jpeg;img Batch 2;1ce076f1d5b995cb60afbf2438d4865d;1152;2048;357903
img Batch 2/WhatsApp Image 2026-07-09 at 00.30.47 (3).jpeg;img Batch 2;7405c1db08578b7f030f15bd338262ba;1152;2048;359432
img Batch 2/WhatsApp Image 2026-07-09 at 00.30.47.jpeg;img Batch 2;20639782940178389a83bab5bf638003;1152;2048;361528
img Batch 2/WhatsApp Image 2026-07-09 at 00.30.48 (1).jpeg;img Batch 2;77b00d2338bdf12fb27036e5da5296f1;1152;2048;410170
img Batch 2/WhatsApp Image 2026-07-09 at 00.30.48 (2).jpeg;img Batch 2;620a3e67388a97ceccae0f60465f2ebe;1152;2048;391124
img Batch 2/WhatsApp Image 2026-07-09 at 00.30.48 (3).jpeg;img Batch 2;74b3544128bb5e50d8bbd6c1ef9a2b6c;1152;2048;397836
img Batch 2/WhatsApp Image 2026-07-09 at 00.30.48 (4).jpeg;img Batch 2;ba8d839c4e8deb6c0492f9ebd2799402;1152;2048;358336
img Batch 2/WhatsApp Image 2026-07-09 at 00.30.48.jpeg;img Batch 2;88d453a7cc6060a8f0ce9f03a0ad3bc9;1152;2048;393612
img Batch 2/WhatsApp Image 2026-07-09 at 00.30.49 (1).jpeg;img Batch 2;ab75ec9cd171a26194cb6b3dca7b5413;1152;2048;353861
img Batch 2/WhatsApp Image 2026-07-09 at 00.30.49 (2).jpeg;img Batch 2;d45c5742575a28ff3bc1241eabbd4d7e;1152;2048;406184
img Batch 2/WhatsApp Image 2026-07-09 at 00.30.49 (3).jpeg;img Batch 2;6b0ee85ade6ceab155ae0924c5f1a94b;1152;2048;371174
img Batch 2/WhatsApp Image 2026-07-09 at 00.30.49.jpeg;img Batch 2;359d1fdcfedacc2b43aea01d10b04f68;1152;2048;384399
img Batch 2/WhatsApp Image 2026-07-09 at 00.30.50 (1).jpeg;img Batch 2;9cd07d3d362537401500dab345d3f10d;1152;2048;410235
img Batch 2/WhatsApp Image 2026-07-09 at 00.30.50 (2).jpeg;img Batch 2;922ffd0889106d7e1d3422ad4b7ebc33;1152;2048;414331
img Batch 2/WhatsApp Image 2026-07-09 at 00.30.50 (3).jpeg;img Batch 2;cd69805178252b22a013c1d51272af41;1152;2048;410744
img Batch 2/WhatsApp Image 2026-07-09 at 00.30.50.jpeg;img Batch 2;6100aba8716ad60fca363f39903e096d;1152;2048;415496
img Batch 2/WhatsApp Image 2026-07-09 at 00.30.51 (1).jpeg;img Batch 2;1000acfefe48a132344df6016ae96306;1152;2048;324069
img Batch 2/WhatsApp Image 2026-07-09 at 00.30.51 (2).jpeg;img Batch 2;a58b379bb7420633d0ea2bacc1a0ed80;1152;2048;427979
img Batch 2/WhatsApp Image 2026-07-09 at 00.30.51 (3).jpeg;img Batch 2;fab010111e360a1c92581c488dfc34cc;1152;2048;358739
img Batch 2/WhatsApp Image 2026-07-09 at 00.30.51.jpeg;img Batch 2;94eec3d885a87fd89bb54c6ca9859ca9;1152;2048;389817
img Batch 2/WhatsApp Image 2026-07-09 at 00.30.52.jpeg;img Batch 2;b82ab8885dd5152953906e212a33b6a4;1152;2048;331372
img Batch 3/WhatsApp Image 2026-07-09 at 09.56.23.jpeg;img Batch 3;7426d5d97518be0f799a992c67e13eee;1152;2048;425575
img Batch 3/WhatsApp Image 2026-07-09 at 09.56.24 (1).jpeg;img Batch 3;216e156fe5238d37573c7439e61d16ba;1152;2048;429969
img Batch 3/WhatsApp Image 2026-07-09 at 09.56.24 (2).jpeg;img Batch 3;53e8285d414cea16e6a7fbf4392fc8fb;1152;2048;410683
img Batch 3/WhatsApp Image 2026-07-09 at 09.56.24 (3).jpeg;img Batch 3;17471878b64c1d1df48b161f4c0ed24e;1152;2048;439973
img Batch 3/WhatsApp Image 2026-07-09 at 09.56.24.jpeg;img Batch 3;831d2366bafacc22e5fc75f38e643e6c;1152;2048;350795
img Batch 3/WhatsApp Image 2026-07-09 at 09.56.25 (1).jpeg;img Batch 3;3c1ea55c4de28f072d7b47bd584ad4a3;1152;2048;423767
img Batch 3/WhatsApp Image 2026-07-09 at 09.56.25 (2).jpeg;img Batch 3;05941d127e00792b66a9c2c31741a739;1152;2048;379592
img Batch 3/WhatsApp Image 2026-07-09 at 09.56.25 (3).jpeg;img Batch 3;2eb3a087823625ba5651ee2e14992f11;1152;2048;444130
img Batch 3/WhatsApp Image 2026-07-09 at 09.56.25.jpeg;img Batch 3;90b06f9794b3587528bcbba5225e74cd;1152;2048;422721
img Batch 3/WhatsApp Image 2026-07-09 at 09.56.26 (1).jpeg;img Batch 3;259bc9b66ead86031ec3c661626d7dd7;1152;2048;332842
img Batch 3/WhatsApp Image 2026-07-09 at 09.56.26 (2).jpeg;img Batch 3;27ec65d8ea61336b56d274030300b54b;1152;2048;440231
img Batch 3/WhatsApp Image 2026-07-09 at 09.56.26.jpeg;img Batch 3;86e8d4d889a3c1d8df1842975dd2cacc;1152;2048;375900
img Batch 3/WhatsApp Image 2026-07-09 at 09.56.27 (1).jpeg;img Batch 3;f1d0f94d0b58a1856817f9701893bd43;1152;2048;381379
img Batch 3/WhatsApp Image 2026-07-09 at 09.56.27 (2).jpeg;img Batch 3;9d64d467cb8093277ec42929037c6751;1152;2048;385005
img Batch 3/WhatsApp Image 2026-07-09 at 09.56.27.jpeg;img Batch 3;e48509b5fb3452f22ddc8464b63fc7a0;1152;2048;435351
img Batch 3/WhatsApp Image 2026-07-09 at 09.56.28 (1).jpeg;img Batch 3;7c9ceb38928f4c1586e5463e5b78c6a6;1152;2048;428137
img Batch 3/WhatsApp Image 2026-07-09 at 09.56.28 (2).jpeg;img Batch 3;46ad599a0e86b40195afd1795ece02eb;1152;2048;411771
img Batch 3/WhatsApp Image 2026-07-09 at 09.56.28.jpeg;img Batch 3;d5a3b369b2753579a7d567a08800ead1;1152;2048;419130
img Batch 3/WhatsApp Image 2026-07-09 at 09.56.29 (1).jpeg;img Batch 3;7373dd8f664aee71b0404e2830eeca32;1152;2048;414226
img Batch 3/WhatsApp Image 2026-07-09 at 09.56.29 (2).jpeg;img Batch 3;c7555094f9d282828a0173557f822ad9;1152;2048;403149
img Batch 3/WhatsApp Image 2026-07-09 at 09.56.29 (3).jpeg;img Batch 3;19a0dcb0a43a7f75c9a8adb32e146458;1152;2048;344305
img Batch 3/WhatsApp Image 2026-07-09 at 09.56.29.jpeg;img Batch 3;f53fb21f74d64c253df14e2e3d5daccc;1152;2048;428382
img Batch 3/WhatsApp Image 2026-07-09 at 09.56.30 (1).jpeg;img Batch 3;ae3c72a6b6c0b0d2f3129e977862e0af;1152;2048;410613
img Batch 3/WhatsApp Image 2026-07-09 at 09.56.30 (2).jpeg;img Batch 3;204bc44b405cb43b360e15c352d1712f;1152;2048;436981
img Batch 3/WhatsApp Image 2026-07-09 at 09.56.30.jpeg;img Batch 3;ab15d805ec3da5789691464416085e96;1152;2048;398601
img Batch 3/WhatsApp Image 2026-07-09 at 09.56.31 (1).jpeg;img Batch 3;1ad2e7cfea128b7243e868e6243923a7;1152;2048;477192
img Batch 3/WhatsApp Image 2026-07-09 at 09.56.31 (2).jpeg;img Batch 3;d1e5273ede82a9cb5d302a18c906f90b;1152;2048;447228
img Batch 3/WhatsApp Image 2026-07-09 at 09.56.31.jpeg;img Batch 3;c1bd68443e6f509941715a5a19d1b517;1152;2048;405174
img Batch 3/WhatsApp Image 2026-07-09 at 09.56.32 (1).jpeg;img Batch 3;82b5573a37b84c046e270fde560a73b8;1152;2048;351984
img Batch 3/WhatsApp Image 2026-07-09 at 09.56.32 (2).jpeg;img Batch 3;0397cdb213fc97ecac70d22a24f181a2;1152;2048;414487
img Batch 3/WhatsApp Image 2026-07-09 at 09.56.32.jpeg;img Batch 3;44ae2c200866d1926d6185c048352b36;1152;2048;305517
img Batch 3/WhatsApp Image 2026-07-09 at 09.56.33 (1).jpeg;img Batch 3;d7eb1c363c196ebfeb139e9854c16103;1152;2048;449699
img Batch 3/WhatsApp Image 2026-07-09 at 09.56.33 (2).jpeg;img Batch 3;831364dd39c410008bfac2f2336b3a75;1152;2048;384164
img Batch 3/WhatsApp Image 2026-07-09 at 09.56.33 (3).jpeg;img Batch 3;504ae058da64b6d4a1a30ca48da49c2d;1152;2048;402029
img Batch 3/WhatsApp Image 2026-07-09 at 09.56.33.jpeg;img Batch 3;16399903ca612117e2fac63e0c8cc66e;1152;2048;422168
img Batch 3/WhatsApp Image 2026-07-09 at 09.56.34 (1).jpeg;img Batch 3;ce489a68c14046e71bc6fc83de173d85;1152;2048;359019
img Batch 3/WhatsApp Image 2026-07-09 at 09.56.34 (2).jpeg;img Batch 3;cb5d19f0d66f7c044f699482f5505cba;1152;2048;373072
img Batch 3/WhatsApp Image 2026-07-09 at 09.56.34.jpeg;img Batch 3;af7e477e723790b934057bae0f40d99e;1152;2048;393241
img Batch 3/WhatsApp Image 2026-07-09 at 09.56.35 (1).jpeg;img Batch 3;b13bf1f4bcac57dc8af89acdb68327ca;1152;2048;449508
img Batch 3/WhatsApp Image 2026-07-09 at 09.56.35 (2).jpeg;img Batch 3;b4315a48356e3c002d8b252a56139d7c;1152;2048;435548
img Batch 3/WhatsApp Image 2026-07-09 at 09.56.35 (3).jpeg;img Batch 3;94d01affb1e8fcaf53454d8a2786e4df;1152;2048;400935
img Batch 3/WhatsApp Image 2026-07-09 at 09.56.35.jpeg;img Batch 3;c625438bc97d38531b093fedf1978b68;1152;2048;387577
img Batch 3/WhatsApp Image 2026-07-09 at 09.56.36 (1).jpeg;img Batch 3;c482b8e5f4065129cd4ffb28739e196b;1152;2048;383120
img Batch 3/WhatsApp Image 2026-07-09 at 09.56.36 (2).jpeg;img Batch 3;4982133b1e3e868589e35fc3d8c893d6;1152;2048;377004
img Batch 3/WhatsApp Image 2026-07-09 at 09.56.36 (3).jpeg;img Batch 3;da5a4f1c2857941a7ba1e00b721e35a2;1152;2048;315820
img Batch 3/WhatsApp Image 2026-07-09 at 09.56.36 (4).jpeg;img Batch 3;a9a59fb38cd1c756b4bc1d2922645acf;1152;2048;421075
img Batch 3/WhatsApp Image 2026-07-09 at 09.56.36.jpeg;img Batch 3;016d40b2b750a99a7ef8d28b61c738cb;1152;2048;360904
img Batch 3/WhatsApp Image 2026-07-09 at 09.56.37 (1).jpeg;img Batch 3;fcb46f5bd3b93d99ca66be0903ef739e;1152;2048;396609
img Batch 3/WhatsApp Image 2026-07-09 at 09.56.37 (2).jpeg;img Batch 3;fb29a7ebb1713b4074e5541c35995e5d;1152;2048;388065
img Batch 3/WhatsApp Image 2026-07-09 at 09.56.37 (3).jpeg;img Batch 3;701609439d51fc0724c1b72a55d8c6e0;1152;2048;359686
img Batch 3/WhatsApp Image 2026-07-09 at 09.56.37.jpeg;img Batch 3;47594856fffc9e111790fea061a5eec9;1152;2048;380883
img Batch 3/WhatsApp Image 2026-07-09 at 09.56.38 (1).jpeg;img Batch 3;9118657c08431705da9c149776e5bb02;1152;2048;409319
img Batch 3/WhatsApp Image 2026-07-09 at 09.56.38 (2).jpeg;img Batch 3;de29eb3ec160d04e0ab1445b9884d3c6;1152;2048;393750
img Batch 3/WhatsApp Image 2026-07-09 at 09.56.38 (3).jpeg;img Batch 3;97687465542d18d0ffe32d82e5c77b2f;1152;2048;476183
img Batch 3/WhatsApp Image 2026-07-09 at 09.56.38 (4).jpeg;img Batch 3;19da35f50c5465fb75640d723a93a18c;1152;2048;385591
img Batch 3/WhatsApp Image 2026-07-09 at 09.56.38.jpeg;img Batch 3;9665e98a133db7d5b8775c0425e882c6;1152;2048;459839
img Batch 3/WhatsApp Image 2026-07-09 at 09.56.39 (1).jpeg;img Batch 3;07a5b316b9907853b8b53f60d3aab07e;1152;2048;367264
img Batch 3/WhatsApp Image 2026-07-09 at 09.56.39 (2).jpeg;img Batch 3;209ab84ace60ff27eb941ab0a497d4ee;1152;2048;374001
img Batch 3/WhatsApp Image 2026-07-09 at 09.56.39 (3).jpeg;img Batch 3;b71a48e1ae3eb112f0eb0e2e737d5f43;1152;2048;374253
img Batch 3/WhatsApp Image 2026-07-09 at 09.56.39.jpeg;img Batch 3;b7a2a3621db143b66b7e7ad5a113c830;1152;2048;363641
img Batch 3/WhatsApp Image 2026-07-09 at 09.56.40 (1).jpeg;img Batch 3;6e5d4751afe06c94942cf7f510b2db15;1152;2048;435651
img Batch 3/WhatsApp Image 2026-07-09 at 09.56.40 (2).jpeg;img Batch 3;383d9be3bf44e9b1ec656c5140c6f178;1152;2048;394234
img Batch 3/WhatsApp Image 2026-07-09 at 09.56.40 (3).jpeg;img Batch 3;68a5c0bb4cb9d962d1b871345e51c084;1152;2048;309006
img Batch 3/WhatsApp Image 2026-07-09 at 09.56.40.jpeg;img Batch 3;63dc36d5f76f220c570a6b88bf9354d9;1152;2048;426905
img Batch 3/WhatsApp Image 2026-07-09 at 09.56.41 (1).jpeg;img Batch 3;14bd4d3d19780825fc24c91c22dc9e4d;1152;2048;348317
img Batch 3/WhatsApp Image 2026-07-09 at 09.56.41 (2).jpeg;img Batch 3;d54ad82bb8e7dde86e2dd4047da30603;1152;2048;321112
img Batch 3/WhatsApp Image 2026-07-09 at 09.56.41 (3).jpeg;img Batch 3;f97af6e9d42ebd6db2e896a89a1c7d89;1152;2048;302263
img Batch 3/WhatsApp Image 2026-07-09 at 09.56.41 (4).jpeg;img Batch 3;9e09d24eeb5ca6fc7c83aa99ce4be8e1;1152;2048;309083
img Batch 3/WhatsApp Image 2026-07-09 at 09.56.41.jpeg;img Batch 3;39b5a8e336754712e3dcc3efad858410;1152;2048;427206
img Batch 3/WhatsApp Image 2026-07-09 at 09.56.42 (1).jpeg;img Batch 3;d12a1f0645e4f888857e4f62ab1eb463;1152;2048;283598
img Batch 3/WhatsApp Image 2026-07-09 at 09.56.42 (2).jpeg;img Batch 3;8360dbd051be8e1bfe88b6fe87a1b3e3;1152;2048;321747
img Batch 3/WhatsApp Image 2026-07-09 at 09.56.42 (3).jpeg;img Batch 3;569cb1b5a2749f3690932e04b2ed7a1b;1152;2048;320781
img Batch 3/WhatsApp Image 2026-07-09 at 09.56.42 (4).jpeg;img Batch 3;b3685571645511ee0b6820a5207c8bda;1152;2048;314837
img Batch 3/WhatsApp Image 2026-07-09 at 09.56.42.jpeg;img Batch 3;ca0dab95c6ddcb9bd0557297020aa4cd;1152;2048;355904
img Batch 3/WhatsApp Image 2026-07-09 at 09.56.43 (1).jpeg;img Batch 3;85dbb503f94a21884d973bf70fbb3ef7;1152;2048;368256
img Batch 3/WhatsApp Image 2026-07-09 at 09.56.43 (2).jpeg;img Batch 3;c64b5e45bd0e2efa88abda440e93f24d;1152;2048;339862
img Batch 3/WhatsApp Image 2026-07-09 at 09.56.43 (3).jpeg;img Batch 3;f73134547c381dd58fe6800af4432366;1152;2048;366782
img Batch 3/WhatsApp Image 2026-07-09 at 09.56.43.jpeg;img Batch 3;9a5cf3cff0394ec9015cd004546ff464;1152;2048;312918
img Batch 3/WhatsApp Image 2026-07-09 at 09.56.44 (1).jpeg;img Batch 3;37a51b8c06d502de8306234de9293544;1152;2048;388590
img Batch 3/WhatsApp Image 2026-07-09 at 09.56.44 (2).jpeg;img Batch 3;3f9c66f379ccf7dcfe184349e5764eba;1152;2048;386627
img Batch 3/WhatsApp Image 2026-07-09 at 09.56.44 (3).jpeg;img Batch 3;ae2eaab20f085ea4db156f6df3bc29bc;1152;2048;444754
img Batch 3/WhatsApp Image 2026-07-09 at 09.56.44 (4).jpeg;img Batch 3;51b8642813a0d47728c89d6fdf2821e0;1152;2048;378527
img Batch 3/WhatsApp Image 2026-07-09 at 09.56.44.jpeg;img Batch 3;236609947bffbf0c7b521efc22e51042;1152;2048;296789
img Batch 3/WhatsApp Image 2026-07-09 at 09.56.45 (1).jpeg;img Batch 3;847105d03b65a2087a14762a915b51aa;1152;2048;351933
img Batch 3/WhatsApp Image 2026-07-09 at 09.56.45 (2).jpeg;img Batch 3;238d564bd2165abed5caef968c859633;1152;2048;399805
img Batch 3/WhatsApp Image 2026-07-09 at 09.56.45 (3).jpeg;img Batch 3;d792454d79461efe5a3e278cda42d827;1152;2048;390702
img Batch 3/WhatsApp Image 2026-07-09 at 09.56.45.jpeg;img Batch 3;aed749e37d771391e8873ca6f800a933;1152;2048;408264
img Batch 3/WhatsApp Image 2026-07-09 at 09.56.46 (1).jpeg;img Batch 3;1a9c06ba24c5635638f29ddf3faebf7b;1152;2048;369364
img Batch 3/WhatsApp Image 2026-07-09 at 09.56.46 (2).jpeg;img Batch 3;1bb09862f4ffbbdb6406b5fb19df9f23;1152;2048;417846
img Batch 3/WhatsApp Image 2026-07-09 at 09.56.46 (3).jpeg;img Batch 3;ec74bb7e62e491a51eb469ea2ed1bb95;1152;2048;377258
img Batch 3/WhatsApp Image 2026-07-09 at 09.56.46.jpeg;img Batch 3;f0aba458e1938e0a0c59aeb5fbc6cc58;1152;2048;438629
img Batch 3/WhatsApp Image 2026-07-09 at 09.56.47 (1).jpeg;img Batch 3;185d1e8ab9f4ec69de97d13e69ec2266;1152;2048;365059
img Batch 3/WhatsApp Image 2026-07-09 at 09.56.47 (2).jpeg;img Batch 3;32d5fc007681ae603279266f5e46839e;1152;2048;452783
img Batch 3/WhatsApp Image 2026-07-09 at 09.56.47 (3).jpeg;img Batch 3;65c61f3de71c87d715d1f2a1de9ac23b;1152;2048;421370
img Batch 3/WhatsApp Image 2026-07-09 at 09.56.47.jpeg;img Batch 3;16a2d394fd981469b9553709d5c4dd7d;1152;2048;443204
img Batch 3/WhatsApp Image 2026-07-09 at 09.56.48 (1).jpeg;img Batch 3;062dfcc24888175b60ab9f8ff22c4ba7;1152;2048;361906
img Batch 3/WhatsApp Image 2026-07-09 at 09.56.48 (2).jpeg;img Batch 3;c3aa7a85eaa1445dfbca9fe2d04408e3;1152;2048;409470
img Batch 3/WhatsApp Image 2026-07-09 at 09.56.48 (3).jpeg;img Batch 3;541ea6863b49d6e0e17f037459298429;1152;2048;366916
img Batch 3/WhatsApp Image 2026-07-09 at 09.56.48.jpeg;img Batch 3;2e2c85f1adcf036bad443a492bc4fcb6;1152;2048;364980
img Batch 3/WhatsApp Image 2026-07-09 at 09.56.49.jpeg;img Batch 3;8ef0f486bfb9b519bcbfa8c371748ce1;1152;2048;408804
img Batch 3/WhatsApp Image 2026-07-09 at 10.01.57 (1).jpeg;img Batch 3;14edb9335a6f2e3fddd1d70f4e8e5766;1152;2048;376553
img Batch 3/WhatsApp Image 2026-07-09 at 10.01.57 (2).jpeg;img Batch 3;c0b92aaf7e4b77b3dd8acb18529d835c;1152;2048;412664
img Batch 3/WhatsApp Image 2026-07-09 at 10.01.57.jpeg;img Batch 3;6228625df2c4a05502eccff482e8d465;1152;2048;411699
img Batch 3/WhatsApp Image 2026-07-09 at 10.01.58 (1).jpeg;img Batch 3;3dd116be36dfb165b6d17fa6d4221a92;1152;2048;482103
img Batch 3/WhatsApp Image 2026-07-09 at 10.01.58 (2).jpeg;img Batch 3;042723ccf20a74f11ff783ae21a96e65;1152;2048;355168
img Batch 3/WhatsApp Image 2026-07-09 at 10.01.58.jpeg;img Batch 3;52e2de0c13769c4ef5b22368f0006d41;1152;2048;413346
img Batch 3/WhatsApp Image 2026-07-09 at 10.01.59 (1).jpeg;img Batch 3;37784c8ffc3f6d6221cdc81e74dae55b;1152;2048;312771
img Batch 3/WhatsApp Image 2026-07-09 at 10.01.59 (2).jpeg;img Batch 3;42862e36b0b6aaae4d55a07d7c64253d;1152;2048;317291
img Batch 3/WhatsApp Image 2026-07-09 at 10.01.59 (3).jpeg;img Batch 3;06f6648750e2ce2648742bbbe71bf539;1152;2048;413952
img Batch 3/WhatsApp Image 2026-07-09 at 10.01.59.jpeg;img Batch 3;24ee9ae170794e7566288fb4273e9553;1152;2048;428849
img Batch 3/WhatsApp Image 2026-07-09 at 10.02.00 (1).jpeg;img Batch 3;0fd5f09b7a66f9349466fa15ae5df73e;1152;2048;454180
img Batch 3/WhatsApp Image 2026-07-09 at 10.02.00 (2).jpeg;img Batch 3;20d374619084fba2d894794132ef2b19;1152;2048;364307
img Batch 3/WhatsApp Image 2026-07-09 at 10.02.00.jpeg;img Batch 3;dfea66e114d79796e0646dfe1d72029f;1152;2048;470652
img Batch 3/WhatsApp Image 2026-07-09 at 10.02.01 (1).jpeg;img Batch 3;87b1ee9b7b01ed790d3429633b2394a8;1152;2048;366721
img Batch 3/WhatsApp Image 2026-07-09 at 10.02.01 (2).jpeg;img Batch 3;09db10cc5fcbc98ae03171766a03d75d;1152;2048;387420
img Batch 3/WhatsApp Image 2026-07-09 at 10.02.01 (3).jpeg;img Batch 3;87a9b0fc70fab69bce992bf5300c2d50;1152;2048;325588
img Batch 3/WhatsApp Image 2026-07-09 at 10.02.01.jpeg;img Batch 3;b89d3f3ca88ff330c1f3665dea7c4ce4;1152;2048;462556
img Batch 3/WhatsApp Image 2026-07-09 at 10.02.02 (1).jpeg;img Batch 3;2c850cf81652ff9d4c5f18f337830d36;1152;2048;393594
img Batch 3/WhatsApp Image 2026-07-09 at 10.02.02 (2).jpeg;img Batch 3;599f4eb2d9276b3129677cab4d1f9f7a;1152;2048;402702
img Batch 3/WhatsApp Image 2026-07-09 at 10.02.02.jpeg;img Batch 3;dcb850018e690cb31615f115ccb5f9fa;1152;2048;405578
img Batch 3/WhatsApp Image 2026-07-09 at 10.02.03 (1).jpeg;img Batch 3;72b7c91575bd71713e6b128bca740ebf;1152;2048;392179
img Batch 3/WhatsApp Image 2026-07-09 at 10.02.03 (2).jpeg;img Batch 3;4f8863e2bf44b9472d75f88c040f2e90;1152;2048;471785
img Batch 3/WhatsApp Image 2026-07-09 at 10.02.03 (3).jpeg;img Batch 3;1f22ecbd60ee51df27dc6f7ef80f4494;1152;2048;362998
img Batch 3/WhatsApp Image 2026-07-09 at 10.02.03.jpeg;img Batch 3;bdc9a9c7c3f001797177f06d3a555416;1152;2048;401799
img Batch 3/WhatsApp Image 2026-07-09 at 10.02.04 (1).jpeg;img Batch 3;6f2f6fb9db26d2cc9d35c66dbe58c880;1152;2048;383528
img Batch 3/WhatsApp Image 2026-07-09 at 10.02.04 (2).jpeg;img Batch 3;66052d3d8af193acf0b0c7b2cc439c5b;1152;2048;356698
img Batch 3/WhatsApp Image 2026-07-09 at 10.02.04.jpeg;img Batch 3;f7aabc4b934a63d96ee51338412db97a;1152;2048;456465
img Batch 3/WhatsApp Image 2026-07-09 at 10.02.05 (1).jpeg;img Batch 3;994d8f52ccce7f1d7d76e20c2d203325;1152;2048;455464
img Batch 3/WhatsApp Image 2026-07-09 at 10.02.05 (2).jpeg;img Batch 3;1f4742bb53df6b8070f146c5b92aeb44;1152;2048;374841
img Batch 3/WhatsApp Image 2026-07-09 at 10.02.05.jpeg;img Batch 3;f9f20993baa24453c0ac1a466ac84eb8;1152;2048;366621
img Batch 3/WhatsApp Image 2026-07-09 at 10.02.06 (1).jpeg;img Batch 3;105606afd1c8120203501c7d33c5c9a6;1152;2048;395932
img Batch 3/WhatsApp Image 2026-07-09 at 10.02.06 (2).jpeg;img Batch 3;aa5960ee421c27cb00613c5e00409289;1152;2048;411272
img Batch 3/WhatsApp Image 2026-07-09 at 10.02.06.jpeg;img Batch 3;f65317bc5b381d26b34d56195cdb918b;1152;2048;407244
img Batch 3/WhatsApp Image 2026-07-09 at 10.02.07 (1).jpeg;img Batch 3;012e8aa957788d8e88a86def875c7615;1152;2048;363506
img Batch 3/WhatsApp Image 2026-07-09 at 10.02.07 (2).jpeg;img Batch 3;ef3193e8485b4b7d55abb7ff2c82be96;1152;2048;425140
img Batch 3/WhatsApp Image 2026-07-09 at 10.02.07.jpeg;img Batch 3;cb15cb33ddc9774b62830e83389dc0ff;1152;2048;439447
img Batch 3/WhatsApp Image 2026-07-09 at 10.02.08 (1).jpeg;img Batch 3;3b4b706e5da1cb428a6a76bd98988998;1152;2048;324672
img Batch 3/WhatsApp Image 2026-07-09 at 10.02.08 (2).jpeg;img Batch 3;7fccf6704c2c7a2f0406c7316c7ab521;1152;2048;303579
img Batch 3/WhatsApp Image 2026-07-09 at 10.02.08.jpeg;img Batch 3;f8f5beecd858c01e81209eb763412a8c;1152;2048;382896
img Batch 3/WhatsApp Image 2026-07-09 at 10.02.09 (1).jpeg;img Batch 3;81ef2007855ce506758749fc051f410a;1152;2048;442409
img Batch 3/WhatsApp Image 2026-07-09 at 10.02.09 (2).jpeg;img Batch 3;7bb730a2907fbcc1f38cc8e8e78e7c56;1152;2048;427823
img Batch 3/WhatsApp Image 2026-07-09 at 10.02.09 (3).jpeg;img Batch 3;d592d2439c22c5567e7e7b3d33038f65;1152;2048;431683
img Batch 3/WhatsApp Image 2026-07-09 at 10.02.09.jpeg;img Batch 3;2eb3833edd9998699509805348f7fd58;1152;2048;408712
img Batch 3/WhatsApp Image 2026-07-09 at 10.02.10 (1).jpeg;img Batch 3;003619af6b61d91f96a3d82dac954d38;1152;2048;402126
img Batch 3/WhatsApp Image 2026-07-09 at 10.02.10 (2).jpeg;img Batch 3;61d3ea704ca507811c50da0b3c87fe02;1152;2048;343470
img Batch 3/WhatsApp Image 2026-07-09 at 10.02.10 (3).jpeg;img Batch 3;f52f94de89d265f48867353b69093212;1152;2048;444807
img Batch 3/WhatsApp Image 2026-07-09 at 10.02.10.jpeg;img Batch 3;28eb1f84d717a87ce49ce41ed8d6e60a;1152;2048;409290
img Batch 3/WhatsApp Image 2026-07-09 at 10.02.11 (1).jpeg;img Batch 3;20e522c1c72f81a9055f6ed5edb0fc81;1152;2048;387150
img Batch 3/WhatsApp Image 2026-07-09 at 10.02.11 (2).jpeg;img Batch 3;92b9a2bb1cc8dece1db286212b3b05a2;1152;2048;415901
img Batch 3/WhatsApp Image 2026-07-09 at 10.02.11 (3).jpeg;img Batch 3;7dd57c420402106c44580ae8929cc7d2;1152;2048;347893
img Batch 3/WhatsApp Image 2026-07-09 at 10.02.11.jpeg;img Batch 3;6098876453a060372f470827b29b4ae6;1152;2048;366116
img Batch 3/WhatsApp Image 2026-07-09 at 10.02.12 (1).jpeg;img Batch 3;0c3213f67433451d907ac814fdc95cf9;1152;2048;496135
img Batch 3/WhatsApp Image 2026-07-09 at 10.02.12 (2).jpeg;img Batch 3;da26ea560083900c8d138173d62138d4;1152;2048;445898
img Batch 3/WhatsApp Image 2026-07-09 at 10.02.12 (3).jpeg;img Batch 3;5102dd22b9c458543b6451bf05fc4e4b;1152;2048;407292
img Batch 3/WhatsApp Image 2026-07-09 at 10.02.12.jpeg;img Batch 3;e722177844cc9c8ce4400a278fca5ff1;1152;2048;375770
img Batch 3/WhatsApp Image 2026-07-09 at 10.02.13 (1).jpeg;img Batch 3;0f028970d720d57cd8ef04f34d8d3874;1152;2048;361600
img Batch 3/WhatsApp Image 2026-07-09 at 10.02.13.jpeg;img Batch 3;5e0b11eb4925cdd304d7353558abf6fd;1152;2048;475019
img Batch 3/WhatsApp Image 2026-07-09 at 10.02.14 (1).jpeg;img Batch 3;c39a26c8e17bc7296c996d4cd2aafdbb;1152;2048;347252
img Batch 3/WhatsApp Image 2026-07-09 at 10.02.14 (2).jpeg;img Batch 3;2af298c5a4f0363501fda8c2d0b3ced0;1152;2048;329202
img Batch 3/WhatsApp Image 2026-07-09 at 10.02.14 (3).jpeg;img Batch 3;1946ed32d4ea77951aa523b5b8df27bf;1152;2048;331324
img Batch 3/WhatsApp Image 2026-07-09 at 10.02.14.jpeg;img Batch 3;2b010a3b7ca4c239d849b8cc049defcb;1152;2048;420818
img Batch 3/WhatsApp Image 2026-07-09 at 10.02.15 (1).jpeg;img Batch 3;2700f3ec1648d6deade7d67acd369509;1152;2048;421563
img Batch 3/WhatsApp Image 2026-07-09 at 10.02.15 (2).jpeg;img Batch 3;d6c8de1fd7d45f2d257ab880757c8654;1152;2048;402551
img Batch 3/WhatsApp Image 2026-07-09 at 10.02.15.jpeg;img Batch 3;730c395498fb090f6d9f86895cb30caa;1152;2048;313793
img Batch 3/WhatsApp Image 2026-07-09 at 10.02.16 (1).jpeg;img Batch 3;bc9fe8ff184834cf1315e9d06f836943;1152;2048;442540
img Batch 3/WhatsApp Image 2026-07-09 at 10.02.16 (2).jpeg;img Batch 3;613b859bc55ee1e122963347ae9b684f;1152;2048;439190
img Batch 3/WhatsApp Image 2026-07-09 at 10.02.16 (3).jpeg;img Batch 3;369fcf75623e37bec41bd55c80a2049e;1152;2048;365595
img Batch 3/WhatsApp Image 2026-07-09 at 10.02.16 (4).jpeg;img Batch 3;058811085fb7445ac3731eea808c18de;1152;2048;430150
img Batch 3/WhatsApp Image 2026-07-09 at 10.02.16.jpeg;img Batch 3;f9e613b7f32aced652575f5fef255c2d;1152;2048;417015
img Batch 3/WhatsApp Image 2026-07-09 at 10.02.17 (1).jpeg;img Batch 3;3cd3f65859f28167cfc0fec88ff3b061;1152;2048;353989
img Batch 3/WhatsApp Image 2026-07-09 at 10.02.17 (2).jpeg;img Batch 3;d1783ec2316398cffc3cd6b437751143;1152;2048;388273
img Batch 3/WhatsApp Image 2026-07-09 at 10.02.17 (3).jpeg;img Batch 3;94012bae76139205134d5a92530ad561;1152;2048;422231
img Batch 3/WhatsApp Image 2026-07-09 at 10.02.17.jpeg;img Batch 3;41273d9ca8a1b3aa48a57020bca05509;1152;2048;360994
img Batch 3/WhatsApp Image 2026-07-09 at 10.02.18 (1).jpeg;img Batch 3;5391527b6964b50cd2e6a56b62f9c9a6;1152;2048;386666
img Batch 3/WhatsApp Image 2026-07-09 at 10.02.18 (2).jpeg;img Batch 3;fe1bb55321b38292297fc7ed5b6db600;1152;2048;449903
img Batch 3/WhatsApp Image 2026-07-09 at 10.02.18 (3).jpeg;img Batch 3;d0b710204524664149f07312666c7644;1152;2048;445957
img Batch 3/WhatsApp Image 2026-07-09 at 10.02.18.jpeg;img Batch 3;0a92360906ca24bd02684f3da53c09d1;1152;2048;443166
img Batch 3/WhatsApp Image 2026-07-09 at 10.02.19 (1).jpeg;img Batch 3;e07cde8806eefcc9fa623e7a483c5ea4;1152;2048;311973
img Batch 3/WhatsApp Image 2026-07-09 at 10.02.19 (2).jpeg;img Batch 3;4fa2fd315e160dcc35ae30ac76887bca;1152;2048;366005
img Batch 3/WhatsApp Image 2026-07-09 at 10.02.19 (3).jpeg;img Batch 3;db832c8d5ecf778c544a1554bfa0e932;1152;2048;421153
img Batch 3/WhatsApp Image 2026-07-09 at 10.02.19.jpeg;img Batch 3;a259f5b5639b5bd51bf42693a0b861d1;1152;2048;407750
img Batch 3/WhatsApp Image 2026-07-09 at 10.02.20 (1).jpeg;img Batch 3;a6e3c5c1290848e1c4724af4568b8c16;1152;2048;357548
img Batch 3/WhatsApp Image 2026-07-09 at 10.02.20 (2).jpeg;img Batch 3;87fa9f6ed978bc41c424ea30c760db37;1152;2048;354896
img Batch 3/WhatsApp Image 2026-07-09 at 10.02.20 (3).jpeg;img Batch 3;d9c93fb050658676563f6f0a96f4aca7;1152;2048;445230
img Batch 3/WhatsApp Image 2026-07-09 at 10.02.20.jpeg;img Batch 3;3b57bf1404960e6abb501af8c2e02a8f;1152;2048;433070
img Batch 3/WhatsApp Image 2026-07-09 at 10.02.21 (1).jpeg;img Batch 3;2ea819b7b4a38e9c92c73c3b8c624b28;1152;2048;402123
img Batch 3/WhatsApp Image 2026-07-09 at 10.02.21 (2).jpeg;img Batch 3;e948eb32bbe2250522f68fd500be481a;1152;2048;353905
img Batch 3/WhatsApp Image 2026-07-09 at 10.02.21 (3).jpeg;img Batch 3;c1d63a46159d240574a237dd91c3d611;1152;2048;406184
img Batch 3/WhatsApp Image 2026-07-09 at 10.02.21.jpeg;img Batch 3;6c8b23cdb4b619442963400f71c61f11;1152;2048;362637
img Batch 3/WhatsApp Image 2026-07-09 at 10.02.22 (1).jpeg;img Batch 3;db35fd941935b42d389d625cdc18f03c;1152;2048;382153
img Batch 3/WhatsApp Image 2026-07-09 at 10.02.22 (2).jpeg;img Batch 3;10917c1e0c8a5e5b65b7461852cf0232;1152;2048;418656
img Batch 3/WhatsApp Image 2026-07-09 at 10.02.22 (3).jpeg;img Batch 3;833106d4c9ed3d79f83b5cd4f0229ed3;1152;2048;367329
img Batch 3/WhatsApp Image 2026-07-09 at 10.02.22.jpeg;img Batch 3;01d89c4e20b90119e0fad96aa17b6794;1152;2048;362748
img Batch 3/WhatsApp Image 2026-07-09 at 10.02.23 (1).jpeg;img Batch 3;cb6964d6500f06b9cbd907deed9b9bf1;1152;2048;358265
img Batch 3/WhatsApp Image 2026-07-09 at 10.02.23 (2).jpeg;img Batch 3;a52b524e8a7811d310b042b84a37f0ee;1152;2048;359802
img Batch 3/WhatsApp Image 2026-07-09 at 10.02.23 (3).jpeg;img Batch 3;dd49f3cfc29548faaba0e8ca08fb385e;1152;2048;389378
img Batch 3/WhatsApp Image 2026-07-09 at 10.02.23.jpeg;img Batch 3;a99455deaf35ee453f301da746ca7e9d;1152;2048;425710
img Batch 3/WhatsApp Image 2026-07-09 at 10.02.24 (1).jpeg;img Batch 3;c29c7b21684374f96755d3e925dff3b6;1152;2048;407699
img Batch 3/WhatsApp Image 2026-07-09 at 10.02.24 (2).jpeg;img Batch 3;2ef6a196b3b4330bfbf7ed0ec9a260a4;1152;2048;354469
img Batch 3/WhatsApp Image 2026-07-09 at 10.02.24.jpeg;img Batch 3;f38278d3e938b528908c2a3bde4418c1;1152;2048;432210
img Batch 3/WhatsApp Image 2026-07-09 at 10.04.01.jpeg;img Batch 3;7d0610b58146a24a504d755c29335dd7;1152;2048;412837
img Batch 3/WhatsApp Image 2026-07-09 at 10.04.02 (1).jpeg;img Batch 3;f39bfd38560a1c7cdff5d271329889f5;1152;2048;419030
img Batch 3/WhatsApp Image 2026-07-09 at 10.04.02 (2).jpeg;img Batch 3;e1782b600f6a36ae12e2a37f6a6593cb;1152;2048;373027
img Batch 3/WhatsApp Image 2026-07-09 at 10.04.02 (3).jpeg;img Batch 3;43f2176969c0896dc484a42abf4117f8;1152;2048;373252
img Batch 3/WhatsApp Image 2026-07-09 at 10.04.02.jpeg;img Batch 3;fb358debc8a61e1bf4880251e0cae444;1152;2048;426064
img Batch 3/WhatsApp Image 2026-07-09 at 10.04.03 (1).jpeg;img Batch 3;a6f2e529846b16628581652cf6457b2e;1152;2048;402335
img Batch 3/WhatsApp Image 2026-07-09 at 10.04.03 (2).jpeg;img Batch 3;23298035e9b4cc39f0b3f9a92bd802bc;1152;2048;411706
img Batch 3/WhatsApp Image 2026-07-09 at 10.04.03 (3).jpeg;img Batch 3;0cb38844f852ccc53a70d38bd1fa83de;1152;2048;370615
img Batch 3/WhatsApp Image 2026-07-09 at 10.04.03.jpeg;img Batch 3;f37fe38cf1edca09501cb7c009830805;1152;2048;379146
img Batch 3/WhatsApp Image 2026-07-09 at 10.04.04 (1).jpeg;img Batch 3;24dc34e1245f9915a17e3ab61bff37f5;1152;2048;366909
img Batch 3/WhatsApp Image 2026-07-09 at 10.04.04 (2).jpeg;img Batch 3;17ea95ddbb8b32331714df555a8665aa;1152;2048;435358
img Batch 3/WhatsApp Image 2026-07-09 at 10.04.04 (3).jpeg;img Batch 3;12871f9fc39164cd73f572c4d12475f8;1152;2048;435024
img Batch 3/WhatsApp Image 2026-07-09 at 10.04.04.jpeg;img Batch 3;a2495c5379c05701a397dcf22a21fe7b;1152;2048;370562
img Batch 3/WhatsApp Image 2026-07-09 at 10.04.05 (1).jpeg;img Batch 3;dd3a620e7b34131b52f4365d5bf98cf9;1152;2048;440104
img Batch 3/WhatsApp Image 2026-07-09 at 10.04.05 (2).jpeg;img Batch 3;4b40aed71575236d932e3e819a62ee9e;1152;2048;355842
img Batch 3/WhatsApp Image 2026-07-09 at 10.04.05 (3).jpeg;img Batch 3;e2f4ac4cf6323926bdea81a75fb7d5c7;1152;2048;423376
img Batch 3/WhatsApp Image 2026-07-09 at 10.04.05.jpeg;img Batch 3;5e762f6c5225849d0ed4bf13ccef2ec8;1152;2048;397710
img Batch 3/WhatsApp Image 2026-07-09 at 10.04.06 (1).jpeg;img Batch 3;3521e04a027b24866f74f479fdda8136;1152;2048;382363
img Batch 3/WhatsApp Image 2026-07-09 at 10.04.06 (2).jpeg;img Batch 3;11f860c089ad443de570e6c4d83040de;1152;2048;373299
img Batch 3/WhatsApp Image 2026-07-09 at 10.04.06 (3).jpeg;img Batch 3;10667aeea859736dbc5e8fd65682619e;1152;2048;389955
img Batch 3/WhatsApp Image 2026-07-09 at 10.04.06.jpeg;img Batch 3;7d18632a7447d7e1f34838033746585a;1152;2048;429423
img Batch 3/WhatsApp Image 2026-07-09 at 10.04.07 (1).jpeg;img Batch 3;21013730bcd43c5e7d28ee66b16f81e8;1152;2048;352260
img Batch 3/WhatsApp Image 2026-07-09 at 10.04.07 (2).jpeg;img Batch 3;cc29e2ebff15a607c0defc95a12cbe6f;1152;2048;383287
img Batch 3/WhatsApp Image 2026-07-09 at 10.04.07.jpeg;img Batch 3;50fee10bcdd9280d92322bdb9a12321a;1152;2048;368578
img Batch 4/WhatsApp Image 2026-07-09 at 16.31.33 (1).jpeg;img Batch 4;a5052861037297044f4fd68fc1e76309;1152;2048;450767
img Batch 4/WhatsApp Image 2026-07-09 at 16.31.33 (2).jpeg;img Batch 4;a9038db5cc3cbd2bc1fb569bf0791c99;1152;2048;439562
img Batch 4/WhatsApp Image 2026-07-09 at 16.31.33 (3).jpeg;img Batch 4;f8ad8966087df33de93d71f46052ca77;1152;2048;490472
img Batch 4/WhatsApp Image 2026-07-09 at 16.31.33 (4).jpeg;img Batch 4;a4ffd1e0beee2baba9289a704905cd05;1152;2048;433120
img Batch 4/WhatsApp Image 2026-07-09 at 16.31.33.jpeg;img Batch 4;9f28239ea624e822879cf66bd74aec86;1152;2048;448279
img Batch 4/WhatsApp Image 2026-07-09 at 16.31.34 (1).jpeg;img Batch 4;4c9e8e5252dc1ab800a4995249459129;1152;2048;376445
img Batch 4/WhatsApp Image 2026-07-09 at 16.31.34 (2).jpeg;img Batch 4;abb562c045749515c7b369f00e2dc7e8;1152;2048;452732
img Batch 4/WhatsApp Image 2026-07-09 at 16.31.34 (3).jpeg;img Batch 4;e7997efe1885e1d3f8db1d9b5d7aa3b9;1152;2048;388968
img Batch 4/WhatsApp Image 2026-07-09 at 16.31.34 (4).jpeg;img Batch 4;68891c373f85f3dccce5baee00f1a230;1152;2048;394679
img Batch 4/WhatsApp Image 2026-07-09 at 16.31.34.jpeg;img Batch 4;c7e7420a096ac8965e933b6b9a245965;1152;2048;428594
img Batch 4/WhatsApp Image 2026-07-09 at 16.31.35 (1).jpeg;img Batch 4;2bab088834f506deab18b5b0cf5a8f54;1152;2048;397519
img Batch 4/WhatsApp Image 2026-07-09 at 16.31.35 (2).jpeg;img Batch 4;7b026ee905c688070f79bb707dc18d54;1152;2048;411629
img Batch 4/WhatsApp Image 2026-07-09 at 16.31.35 (3).jpeg;img Batch 4;6b6db8ef789227c0300707dc301a5a8f;1152;2048;352657
img Batch 4/WhatsApp Image 2026-07-09 at 16.31.35 (4).jpeg;img Batch 4;cfd6f671fb39bb734915fb8b8e4fd0b5;1152;2048;404068
img Batch 4/WhatsApp Image 2026-07-09 at 16.31.35 (5).jpeg;img Batch 4;f4084d5cf0493d4d7ac49baf5041feff;1152;2048;420856
img Batch 4/WhatsApp Image 2026-07-09 at 16.31.35 (6).jpeg;img Batch 4;63cd16c42058a51e7c4b788d276724ac;1152;2048;392677
img Batch 4/WhatsApp Image 2026-07-09 at 16.31.35 (7).jpeg;img Batch 4;129b8e1f2b578fdcd1b88fe64b6b77a1;1152;2048;388133
img Batch 4/WhatsApp Image 2026-07-09 at 16.31.35 (8).jpeg;img Batch 4;129b8e1f2b578fdcd1b88fe64b6b77a1;1152;2048;388133
img Batch 4/WhatsApp Image 2026-07-09 at 16.31.35 (9).jpeg;img Batch 4;056ced7df650a94835e5582eba4752cd;1152;2048;358302
img Batch 4/WhatsApp Image 2026-07-09 at 16.31.35.jpeg;img Batch 4;049bc93603aa55d82d4fb2ea733ca9d7;1152;2048;412072
img Batch 4/WhatsApp Image 2026-07-09 at 16.31.36 (1).jpeg;img Batch 4;73a9299e87a2ca0ca65c28ce850fc583;1152;2048;394838
img Batch 4/WhatsApp Image 2026-07-09 at 16.31.36 (2).jpeg;img Batch 4;cbd9f40ee9d9a3734c703e6c8dd5c811;1152;2048;453147
img Batch 4/WhatsApp Image 2026-07-09 at 16.31.36 (3).jpeg;img Batch 4;d4d2df292b9e80dec0c6762fad8cf767;1152;2048;328381
img Batch 4/WhatsApp Image 2026-07-09 at 16.31.36 (4).jpeg;img Batch 4;a30c7e7a9a65dd047cc518d818e59777;1152;2048;434370
img Batch 4/WhatsApp Image 2026-07-09 at 16.31.36 (5).jpeg;img Batch 4;7d5c23111c6b4f74312ae80f12f5d88a;1152;2048;387403
img Batch 4/WhatsApp Image 2026-07-09 at 16.31.36 (6).jpeg;img Batch 4;e01a9a686f2253895111fb5320fdff9e;1152;2048;415452
img Batch 4/WhatsApp Image 2026-07-09 at 16.31.36 (7).jpeg;img Batch 4;9182232eb8dec1e3ac473a3f0c09ec6a;1152;2048;360263
img Batch 4/WhatsApp Image 2026-07-09 at 16.31.36 (8).jpeg;img Batch 4;821984eb4927de58e0eabf2147ac488c;1152;2048;474351
img Batch 4/WhatsApp Image 2026-07-09 at 16.31.36.jpeg;img Batch 4;31ff5b34fb8809a2e371172a2f20a69b;1152;2048;414434
img Batch 4/WhatsApp Image 2026-07-09 at 16.31.37 (1).jpeg;img Batch 4;9520a91fe942d7720282c6a211d5c0be;1152;2048;400007
img Batch 4/WhatsApp Image 2026-07-09 at 16.31.37 (2).jpeg;img Batch 4;e77547dda38f8be1833cc0a2b9a6aee6;1152;2048;378681
img Batch 4/WhatsApp Image 2026-07-09 at 16.31.37 (3).jpeg;img Batch 4;c657640b97b36920da16f226864cb426;1152;2048;399383
img Batch 4/WhatsApp Image 2026-07-09 at 16.31.37 (4).jpeg;img Batch 4;5e800f379f46b10460e102485d2d30cd;1152;2048;363690
img Batch 4/WhatsApp Image 2026-07-09 at 16.31.37 (5).jpeg;img Batch 4;f6dd560230d1579f8b88df97ab07e218;1152;2048;389740
img Batch 4/WhatsApp Image 2026-07-09 at 16.31.37 (6).jpeg;img Batch 4;8244dd6342932e46ff123dac1ae30945;1152;2048;374854
img Batch 4/WhatsApp Image 2026-07-09 at 16.31.37 (7).jpeg;img Batch 4;0d1722c33ece5fdedb8a0d517399ea7b;1152;2048;404000
img Batch 4/WhatsApp Image 2026-07-09 at 16.31.37.jpeg;img Batch 4;f6cbce5f6be08791ed2aeb1ca8d15f6c;1152;2048;372671
img Batch 4/WhatsApp Image 2026-07-09 at 16.31.38 (1).jpeg;img Batch 4;c81eb6a4304f9b0fdd20368caef9d8cb;1152;2048;334765
img Batch 4/WhatsApp Image 2026-07-09 at 16.31.38 (2).jpeg;img Batch 4;897df0a4acf4c172748654cf9cf97160;1152;2048;302548
img Batch 4/WhatsApp Image 2026-07-09 at 16.31.38.jpeg;img Batch 4;cf4b7c1d9bf104a9ab4c3c7b64d35735;1152;2048;379867
img Batch 5/WhatsApp Image 2026-07-09 at 16.58.01 (1).jpeg;img Batch 5;8e62ff363a6462d059344132bf510a6e;1152;2048;426400
img Batch 5/WhatsApp Image 2026-07-09 at 16.58.01 (2).jpeg;img Batch 5;c1b54ebc6373912edd0360a4d510a8dc;1152;2048;303828
img Batch 5/WhatsApp Image 2026-07-09 at 16.58.01.jpeg;img Batch 5;5dac2b145e919394d12d2938d1c9beac;1152;2048;408432
img Batch 5/WhatsApp Image 2026-07-09 at 16.58.02.jpeg;img Batch 5;951ec701ee1e166204f5f87977f94f83;1152;2048;296685
img Batch 6/WhatsApp Image 2026-07-09 at 18.48.11 (1).jpeg;img Batch 6;e77a975f1298b295f3c34241c51ada74;1152;2048;426724
img Batch 6/WhatsApp Image 2026-07-09 at 18.48.11.jpeg;img Batch 6;a071f6353c0a5b609d39f87f136391c5;1152;2048;455997
img Batch 6/WhatsApp Image 2026-07-09 at 18.48.12 (1).jpeg;img Batch 6;83c8ac24e8077d664269a5636ad257a8;1152;2048;429051
img Batch 6/WhatsApp Image 2026-07-09 at 18.48.12.jpeg;img Batch 6;970d6ed226f37cdb054e16777b3e396c;1152;2048;460043
img Batch 6/WhatsApp Image 2026-07-09 at 18.48.13 (1).jpeg;img Batch 6;3ad30fc40cc3d77fafbffbc2356c6937;1152;2048;410906
img Batch 6/WhatsApp Image 2026-07-09 at 18.48.13 (2).jpeg;img Batch 6;64b9f8c5217c9620732efef9300ba0a5;1152;2048;356082
img Batch 6/WhatsApp Image 2026-07-09 at 18.48.13 (3).jpeg;img Batch 6;63bdec4ef9e5d8f5c9d5af430a14b335;1152;2048;347693
img Batch 6/WhatsApp Image 2026-07-09 at 18.48.13 (4).jpeg;img Batch 6;0e221b087318dd870703221c32f0b4c7;1152;2048;388525
img Batch 6/WhatsApp Image 2026-07-09 at 18.48.13 (5).jpeg;img Batch 6;3fe3daf4025b2ac11f06a93e6341c788;1152;2048;412027
img Batch 6/WhatsApp Image 2026-07-09 at 18.48.13 (6).jpeg;img Batch 6;5e549c062588b75908209c4d0f8fd6ed;1152;2048;441235
img Batch 6/WhatsApp Image 2026-07-09 at 18.48.13.jpeg;img Batch 6;eca1a2f9b3ac7b131d3e0986bdf0fb9d;1152;2048;430396
img Batch 6/WhatsApp Image 2026-07-09 at 18.48.14 (1).jpeg;img Batch 6;aa4c002df13b477f42822e9d6bd5f758;1152;2048;361818
img Batch 6/WhatsApp Image 2026-07-09 at 18.48.14 (2).jpeg;img Batch 6;d2b782a0b0e2d3338f7786c68df3ec64;1152;2048;449572
img Batch 6/WhatsApp Image 2026-07-09 at 18.48.14 (3).jpeg;img Batch 6;2f4fef2c1f96f421b98bb15e8fd5afd7;1152;2048;389037
img Batch 6/WhatsApp Image 2026-07-09 at 18.48.14 (4).jpeg;img Batch 6;0c64b1eb240db03cc6bed6ff032b5f00;1152;2048;384859
img Batch 6/WhatsApp Image 2026-07-09 at 18.48.14 (5).jpeg;img Batch 6;d737e6710886b0f8eafaaa19afd56533;1152;2048;380785
img Batch 6/WhatsApp Image 2026-07-09 at 18.48.14 (6).jpeg;img Batch 6;91311c2a24717371151b7a44e52db05d;1152;2048;344934
img Batch 6/WhatsApp Image 2026-07-09 at 18.48.14 (7).jpeg;img Batch 6;e3ab89a1a58df46c943f44db809a40f9;1152;2048;386882
img Batch 6/WhatsApp Image 2026-07-09 at 18.48.14.jpeg;img Batch 6;55e2658e9a2741128eb20edcce933577;1152;2048;421944
img Batch 6/WhatsApp Image 2026-07-09 at 18.48.15 (1).jpeg;img Batch 6;7154c2e647dc5396d31a443277b4891e;1152;2048;392730
img Batch 6/WhatsApp Image 2026-07-09 at 18.48.15 (2).jpeg;img Batch 6;c2df4981dc753dbb812fff2954d74e91;1152;2048;412862
img Batch 6/WhatsApp Image 2026-07-09 at 18.48.15 (3).jpeg;img Batch 6;10a185073ac9402fd60fc33b1bb6fb85;1152;2048;364003
img Batch 6/WhatsApp Image 2026-07-09 at 18.48.15 (4).jpeg;img Batch 6;c7ac22d500045c21c3fca7f05915d7a3;1152;2048;408698
img Batch 6/WhatsApp Image 2026-07-09 at 18.48.15 (5).jpeg;img Batch 6;7973590a50b7f64a4c6d52d443828a8c;1152;2048;424314
img Batch 6/WhatsApp Image 2026-07-09 at 18.48.15.jpeg;img Batch 6;4b4601dfee908e5c3fd6d79e21bc0edb;1152;2048;380294
img Batch 6/WhatsApp Image 2026-07-09 at 18.48.16 (1).jpeg;img Batch 6;df3f004b696bf61ec78c1a9430e40a5a;1152;2048;375130
img Batch 6/WhatsApp Image 2026-07-09 at 18.48.16 (2).jpeg;img Batch 6;a89d33469c1145fb8db52a0a574e3191;1152;2048;313589
img Batch 6/WhatsApp Image 2026-07-09 at 18.48.16 (3).jpeg;img Batch 6;19853ace1ac95975fa78e386588942a6;1152;2048;421996
img Batch 6/WhatsApp Image 2026-07-09 at 18.48.16.jpeg;img Batch 6;c2db084cb40daaa10c7aff16f215cf32;1152;2048;390169
img Batch 6/WhatsApp Image 2026-07-09 at 18.48.17 (1).jpeg;img Batch 6;151bfbd7972ad9b0ec12a273881a9970;1152;2048;451106
img Batch 6/WhatsApp Image 2026-07-09 at 18.48.17 (2).jpeg;img Batch 6;f6284006c9f164e4c2e96bcde88ae6b5;1152;2048;429175
img Batch 6/WhatsApp Image 2026-07-09 at 18.48.17 (3).jpeg;img Batch 6;433a9c4c6b3e9e38d7ac65e5ddca6644;1152;2048;392955
img Batch 6/WhatsApp Image 2026-07-09 at 18.48.17 (4).jpeg;img Batch 6;9c0a555cf4051c2672035ab09836575c;1152;2048;383693
img Batch 6/WhatsApp Image 2026-07-09 at 18.48.17 (5).jpeg;img Batch 6;d362b1ca54a95a43388e7913eda30b17;1152;2048;430812
img Batch 6/WhatsApp Image 2026-07-09 at 18.48.17 (6).jpeg;img Batch 6;ee7fc3d2b073ae705eb4cac11823ccd6;1152;2048;395585
img Batch 6/WhatsApp Image 2026-07-09 at 18.48.17.jpeg;img Batch 6;0a715825350cc28e120ab35a8687c811;1152;2048;424700
img Batch 6/WhatsApp Image 2026-07-09 at 18.48.18 (1).jpeg;img Batch 6;6332a33782618ed52e14084e114c4195;1152;2048;419125
img Batch 6/WhatsApp Image 2026-07-09 at 18.48.18 (2).jpeg;img Batch 6;aa7e09891d9a33fe41f765ac7003868e;1152;2048;285624
img Batch 6/WhatsApp Image 2026-07-09 at 18.48.18 (3).jpeg;img Batch 6;79d10dc39b14f9b403b4af43ca7fdf8c;1152;2048;414471
img Batch 6/WhatsApp Image 2026-07-09 at 18.48.18 (4).jpeg;img Batch 6;3b4628ff134339195bf43b6a8fd2b69a;1152;2048;375154
img Batch 6/WhatsApp Image 2026-07-09 at 18.48.18 (5).jpeg;img Batch 6;6ce7d7cbf025a96da958cb3879f0935f;1152;2048;365341
img Batch 6/WhatsApp Image 2026-07-09 at 18.48.18 (6).jpeg;img Batch 6;eddfc60eebc6af0b59507cf67299d2d4;1152;2048;339641
img Batch 6/WhatsApp Image 2026-07-09 at 18.48.18.jpeg;img Batch 6;528d0057ac4c083ebe46006d7242c5dc;1152;2048;462586
img Batch 6/WhatsApp Image 2026-07-09 at 18.48.19 (1).jpeg;img Batch 6;4bf6647e1660cd05b54a60887e4ba331;1152;2048;466653
img Batch 6/WhatsApp Image 2026-07-09 at 18.48.19 (2).jpeg;img Batch 6;0f16d550e663815cf97db6e24aa9018b;1152;2048;454585
img Batch 6/WhatsApp Image 2026-07-09 at 18.48.19 (3).jpeg;img Batch 6;18494431f1e1b0526a8d9ff3bee66518;1152;2048;393204
img Batch 6/WhatsApp Image 2026-07-09 at 18.48.19 (4).jpeg;img Batch 6;1cc9b94f16fd76d86d5c8e6c6ccf29d6;1152;2048;357678
img Batch 6/WhatsApp Image 2026-07-09 at 18.48.19 (5).jpeg;img Batch 6;9f7170de8188282c11f802d5a7d26292;1152;2048;420777
img Batch 6/WhatsApp Image 2026-07-09 at 18.48.19.jpeg;img Batch 6;59aaf00989e5437e3bf980de04d93d2e;1152;2048;393463
img Batch 6/WhatsApp Image 2026-07-09 at 18.48.20 (1).jpeg;img Batch 6;6bd85eef0ba125d62e6f4ff16c42451d;1152;2048;372819
img Batch 6/WhatsApp Image 2026-07-09 at 18.48.20 (2).jpeg;img Batch 6;ab8707df6227e3078f0479ca26c35e5f;1152;2048;391904
img Batch 6/WhatsApp Image 2026-07-09 at 18.48.20 (3).jpeg;img Batch 6;e146fcbe8814f79a6c065372bc984d5c;1152;2048;417144
img Batch 6/WhatsApp Image 2026-07-09 at 18.48.20 (4).jpeg;img Batch 6;1213efe25b81946711d8d6a654c0c9cc;1152;2048;386626
img Batch 6/WhatsApp Image 2026-07-09 at 18.48.20 (5).jpeg;img Batch 6;ebb5e68c661037d47f4a6e8378a09566;1152;2048;424722
img Batch 6/WhatsApp Image 2026-07-09 at 18.48.20 (6).jpeg;img Batch 6;de3bf8bce84b0f4906c9cb9a9176a468;1152;2048;404849
img Batch 6/WhatsApp Image 2026-07-09 at 18.48.20 (7).jpeg;img Batch 6;313dda87773d478cb8e2a1d6fed5056d;1152;2048;386369
img Batch 6/WhatsApp Image 2026-07-09 at 18.48.20 (8).jpeg;img Batch 6;19db4e48fc54af36573ad1283bc0b760;1152;2048;374576
img Batch 6/WhatsApp Image 2026-07-09 at 18.48.20.jpeg;img Batch 6;ee22fab6ffe6c8de1f6366b9a70be636;1152;2048;358920
img Batch 6/WhatsApp Image 2026-07-09 at 18.48.21.jpeg;img Batch 6;7a9a33e86df099785319b0168c3ea82e;1152;2048;431625
