file;batch;page;resolvedPage;quality;width;height;bytes;md5;entities
docs/img/img Batch 1/WhatsApp Image 2026-07-07 at 12.02.57.jpeg;img Batch 1;?;;bon;1536;2048;501748;1bd8f603e75230ecbae48f43bbdc507d;
docs/img/img Batch 1/WhatsApp Image 2026-07-07 at 12.02.57 (1).jpeg;img Batch 1;?;;bon;1536;2048;682271;b02a933fc1a1d656887d7e4a90675fc7;
docs/img/img Batch 1/WhatsApp Image 2026-07-07 at 12.02.57 (2).jpeg;img Batch 1;?;;bon;1536;2048;539673;83d56e3167b43ba5db962619e9003513;
docs/img/img Batch 1/WhatsApp Image 2026-07-07 at 12.02.57 (3).jpeg;img Batch 1;?;;moyen n° bas gauche coupe;1536;2048;597349;3b1e67d8bc6d5df9d3f9c8e9e14ac2aa;
docs/img/img Batch 1/WhatsApp Image 2026-07-07 at 12.02.58.jpeg;img Batch 1;?;;bon;1536;2048;561141;09bd74cf0f85e7ebf3dfae0ff0763628;
docs/img/img Batch 1/WhatsApp Image 2026-07-07 at 12.02.58 (1).jpeg;img Batch 1;?;;bon;1536;2048;646597;22f69e98b2a73853feb84f54c57a3752;
docs/img/img Batch 1/WhatsApp Image 2026-07-07 at 12.02.58 (2).jpeg;img Batch 1;?;;bon;1536;2048;526193;b904e2c1f3d360bf6ab1309c6f1c2ba5;
docs/img/img Batch 1/WhatsApp Image 2026-07-07 at 12.02.58 (3).jpeg;img Batch 1;?;;bon;1536;2048;574276;8662117eda278c669c265a0a41d18376;Barbare | Barde | Clerc | Druide | Ensorceleur | Guerrier | Magicien | Moine | Occultiste | Paladin | Rodeur | Roublard
docs/img/img Batch 1/WhatsApp Image 2026-07-07 at 12.02.58 (4).jpeg;img Batch 1;?;;bon;1536;2048;633711;29e5dc550b6fe346699ba0a8f1a2b452;Clerc
docs/img/img Batch 1/WhatsApp Image 2026-07-07 at 12.02.58 (5).jpeg;img Batch 1;?;;bon;1536;2048;538918;8eb9babf64fcdfb550f382948384e704;Clerc
docs/img/img Batch 1/WhatsApp Image 2026-07-07 at 12.02.59.jpeg;img Batch 1;?;;bon;1536;2048;529204;f1af88e7d8b0eac8aede09a12561cf4f;Clerc (liste de sorts)
docs/img/img Batch 1/WhatsApp Image 2026-07-07 at 12.02.59 (1).jpeg;img Batch 1;?;;bon;1536;2048;673722;ba0f44ae67316841a52545661bf77d5c;Druide
docs/img/img Batch 1/WhatsApp Image 2026-07-07 at 12.02.59 (2).jpeg;img Batch 1;?;;moyen doublon image precedente;1536;2048;673722;ba0f44ae67316841a52545661bf77d5c;Druide
docs/img/img Batch 1/WhatsApp Image 2026-07-07 at 12.02.59 (3).jpeg;img Batch 1;?;;bon;1536;2048;533619;a60f778aeeea8b76be570cabfa3999b0;Druide
docs/img/img Batch 1/WhatsApp Image 2026-07-07 at 12.02.59 (4).jpeg;img Batch 1;?;;bon;1536;2048;619333;40092020cbbd23f2e25a8c0d7d012310;Rodeur
docs/img/img Batch 1/WhatsApp Image 2026-07-07 at 12.02.59 (5).jpeg;img Batch 1;?;;bon;1536;2048;470379;738185100bb2212981999f4b9ab9b95f;Rodeur
docs/img/img Batch 1/WhatsApp Image 2026-07-07 at 12.02.59 (6).jpeg;img Batch 1;159;;bon;1536;2048;543395;b54ebd1543a377f98be5347b602dbcf2;Rodeur (liste de sorts)
docs/img/img Batch 1/WhatsApp Image 2026-07-07 at 12.02.59 (7).jpeg;img Batch 1;?;;bon;1536;2048;606763;9f662f5dd6623d8e04d030a31ac008cf;Acolyte | Artisan | Artiste | Charlatan | Criminel | Ermite | Fermier | Garde | Guide | Marchand | Marin | Noble | Sage | Scribe | Soldat | Voyageur
docs/img/img Batch 1/WhatsApp Image 2026-07-07 at 12.02.59 (8).jpeg;img Batch 1;?;;moyen n° bas gauche coupe;1536;2048;466298;ac7bbdbc20f37ad1dc8966872d503cbe;Acolyte | Artisan
docs/img/img Batch 1/WhatsApp Image 2026-07-07 at 12.02.59 (9).jpeg;img Batch 1;179;;bon;1536;2048;495041;d8bd075c84430aeabadbdffa2ab6480f;Artiste | Charlatan
docs/img/img Batch 1/WhatsApp Image 2026-07-07 at 12.03.00.jpeg;img Batch 1;?;;moyen n° bas gauche coupe (180 probable);1536;2048;527225;3d6d757ead5dd3be0635c28f1da86411;Criminel | Ermite
docs/img/img Batch 1/WhatsApp Image 2026-07-07 at 12.03.00 (1).jpeg;img Batch 1;181;;bon;1536;2048;522719;e9e1de63a5a949a0dbfd6421b6145991;Fermier | Garde
docs/img/img Batch 1/WhatsApp Image 2026-07-07 at 12.03.00 (2).jpeg;img Batch 1;?;;moyen n° non visible;1536;2048;511978;2d1971162dcc7bf61ba1b69006c419d0;Guide | Marchand
docs/img/img Batch 1/WhatsApp Image 2026-07-07 at 12.03.00 (3).jpeg;img Batch 1;?;;bon;1536;2048;507789;d0cefcfee4688e93ebb83026c30bf2f0;Marin | Noble
docs/img/img Batch 1/WhatsApp Image 2026-07-07 at 12.03.00 (4).jpeg;img Batch 1;?;;moyen bas de page coupe;1536;2048;521578;4d7abcb004cd83f478d4e1982e6f24d4;Sage | Scribe
docs/img/img Batch 1/WhatsApp Image 2026-07-07 at 12.03.00 (5).jpeg;img Batch 1;185;;bon;1536;2048;509629;243066dc8c8f56800e9215ce515a3408;Soldat | Voyageur
docs/img/img Batch 1/WhatsApp Image 2026-07-07 at 12.03.01.jpeg;img Batch 1;188;;bon;1536;2048;643600;6b6f20c078950084222687ceaeecefbb;Elfe | Drows | Elfes sylvestres | Hauts-elfes
docs/img/img Batch 1/WhatsApp Image 2026-07-07 at 12.03.01 (1).jpeg;img Batch 1;189;;bon;1536;2048;549213;027217f892da18d0a03995ca7744e178;Elfe (traits) | Lignages elfiques
docs/img/img Batch 1/WhatsApp Image 2026-07-07 at 12.03.01 (2).jpeg;img Batch 1;189;;moyen doublon image precedente;1536;2048;549213;027217f892da18d0a03995ca7744e178;Elfe (traits) | Lignages elfiques
docs/img/img Batch 1/WhatsApp Image 2026-07-07 at 12.03.01 (3).jpeg;img Batch 1;?;;bon n° non visible;1536;2048;470085;e839c52570d8ca3c5d079c965ffdb1b5;Tieffelin | Abyssal | Chtonien | Infernal
docs/img/img Batch 1/WhatsApp Image 2026-07-07 at 12.03.01 (4).jpeg;img Batch 1;197;;bon net;1536;2048;532248;ceed3de5bd86cb34c3399fc9fdf11091;Traits des tieffelins | Heritages fielons
docs/img/img Batch 1/WhatsApp Image 2026-07-07 at 12.03.01 (5).jpeg;img Batch 1;199;;bon net;1536;2048;475225;705288ce6bd2e8c71b7e8fd2f517491b;Dons | Liste des dons
docs/img/img Batch 1/WhatsApp Image 2026-07-07 at 12.03.02.jpeg;img Batch 1;200;;bon net;1536;2048;502220;3d725ddfbcb93856d7232c8d6ccbfdae;Liste des dons (suite) | Dons d'origines | Bagarreur de tavernes | Chanceux
docs/img/img Batch 1/WhatsApp Image 2026-07-07 at 12.03.02 (1).jpeg;img Batch 1;?;;moyen numero de page absent (probable 201);1536;2048;550632;829053d9a55c9c2049b26f30579a3fe6;Doue | Faconneur | Faconnage rapide | Guerisseur | Initie a la magie | Musicien
docs/img/img Batch 1/WhatsApp Image 2026-07-07 at 12.03.02 (2).jpeg;img Batch 1;202;;bon net;1536;2048;521256;c7bf99d9db2a4823d820d65bb29f3c6a;Robuste | Sauvagerie martiale | Vigilant | Dons generaux | Adepte elementaire | Affinite feerique | Affinite ombreuse | Amelioration de caracteristique | Athlete
docs/img/img Batch 1/WhatsApp Image 2026-07-07 at 12.03.02 (3).jpeg;img Batch 1;203;;bon net;1536;2048;580111;6d61620264615ebcdbfb8ccaf9309e73;Broyeur | Chef cuisinier | Cogneur lourd | Combattant a deux armes | Combattant monte | Comedien
docs/img/img Batch 1/WhatsApp Image 2026-07-07 at 12.03.02 (4).jpeg;img Batch 1;204;;bon net;1536;2048;638471;f19d111866b652fe4b8e4265e0db0705;Discret | Duelliste defensif | Empoigneur | Empoisonneur | Esprit affute | Expert
docs/img/img Batch 1/WhatsApp Image 2026-07-07 at 12.03.02 (5).jpeg;img Batch 1;205;;bon net;1536;2048;536685;92d531c869a8a3f6e0047b12b9a8ca3d;Expert de la charge | Figure de proue | Formation aux armes de guerre | Gaillard | Incantateur d'elite | Mage de guerre | Magie rituelle
docs/img/img Batch 1/WhatsApp Image 2026-07-07 at 12.03.02 (6).jpeg;img Batch 1;?;;moyen numero de page absent (probable 206);1536;2048;605649;4e7fa75a0929cee39b8a6acf3e1aef0c;Maitre d'armes | Maitre d'hast | Maitre-arbaletrier | Maitre des armures intermediaires | Maitre des armures lourdes
docs/img/img Batch 1/WhatsApp Image 2026-07-07 at 12.03.02 (7).jpeg;img Batch 1;207;;bon net;1536;2048;601004;87fa067f83621830d7bba31cf2d851e6;Maitre des boucliers | Mobile | Observateur | Perforateur | Protection intermediaire | Protection legere | Protection lourde
docs/img/img Batch 1/WhatsApp Image 2026-07-07 at 12.03.02 (8).jpeg;img Batch 1;208;;moyen numero partiellement lisible (208);1536;2048;628594;44eb049c2737ebb3e535dd90dd914a4a;Resilient | Sentinelle | Telekinesiste | Telepathe | Tireur d'elite | Trancheur
docs/img/img Batch 1/WhatsApp Image 2026-07-07 at 12.03.02 (9).jpeg;img Batch 1;?;;moyen numero de page absent (probable 209);1536;2048;576444;37e4755920951edbbb3e645b94f4d1b7;Tueur de mages | Dons de style de combat | Archerie | Armes a deux mains | Armes de lancer | Combat a deux armes | Combat a mains nues | Combat en aveugle | Defense | Duel | Interception
docs/img/img Batch 1/WhatsApp Image 2026-07-07 at 12.03.03.jpeg;img Batch 1;210;;bon net;1536;2048;599363;da7cbac45d925b18cfc59e60ae9aed4c;Protection | Dons de faveur epique | Faveur d'attaque irresistible | Faveur de competence | Faveur de deplacement dimensionnel | Faveur de l'esprit nocturne | Faveur de memoire magique | Faveur de prouesse martiale | Faveur de recuperation
docs/img/img Batch 1/WhatsApp Image 2026-07-07 at 12.03.03 (1).jpeg;img Batch 1;211;;bon net;1536;2048;610520;67b06afb6b0b0ce8429868386d31a371;Faveur de recuperation (suite) | Faveur de Resistance aux energies | Faveur de vigueur | Faveur de vision lucide | Faveur de vitesse | Faveur du destin
docs/img/img Batch 1/WhatsApp Image 2026-07-07 at 12.03.03 (2).jpeg;img Batch 1;?;;moyen ouverture chapitre numero absent (probable 212);1536;2048;623754;cedc924390d5a7a5ac4d068c5b46b08f;Equipement | Monnaie | Armes | Maitrise des armes | Proprietes | Allonge | Chargement | Deux mains | Finesse | Lancer
docs/img/img Batch 1/WhatsApp Image 2026-07-07 at 12.03.03 (3).jpeg;img Batch 1;214;;bon net;1536;2048;657721;a7671a4c5e2ab36e7104e628a6f662cc;Legere | Lourde | Munitions | Polyvalente | Portee | Proprietes botte | Coup double | Ecorchure | Enchainement | Ouverture | Poussee | Ralentissement | Renversement | Sape
docs/img/img Batch 1/WhatsApp Image 2026-07-07 at 12.03.03 (4).jpeg;img Batch 1;215;;bon net;1536;2048;481710;7fb795045c49c33a873ad348028a83b2;Table Armes | Baton de combat | Dague | Gourdin | Hachette | Javeline | Lance | Marteau leger | Masse d'armes | Massue | Serpe | Arbalete legere | Arc court | Flechette | Fronde | Cimeterre | Coutille | Epee a deux mains | Epee courte | Epee longue | Fleau d'armes | Fouet | Hache a deux mains | Hache d'armes | Hallebarde | Lance d'arcon | Maillet d'armes | Marteau de guerre | Morgenstern | Pic de guerre | Pique | Rapiere | Trident | Arbalete de poing | Arbalete lourde | Arc long | Mousquet | Pistolet | Sarbacane
docs/img/img Batch 1/WhatsApp Image 2026-07-07 at 12.03.03 (5).jpeg;img Batch 1;219;;bon net;1536;2048;557716;6b59b6c2a1ae90b8e8d978f121a9bcfa;Table Armures | Armure matelassee | Armure de cuir | Armure de cuir cloute | Armure de peaux | Chemise de mailles | Armure d'ecailles | Cuirasse | Demi-plate | Broigne | Cotte de mailles | Clibanion | Harnois | Bouclier | Formation aux armures | Une seule a la fois | Variante Taille de l'equipement
docs/img/img Batch 1/WhatsApp Image 2026-07-07 at 12.03.03 (6).jpeg;img Batch 1;219;;bon net (DOUBLON de la page 219 idx 47);1536;2048;569161;c16e553554d87cafd93b338e137f6fe8;Table Armures | Armure matelassee | Armure de cuir | Armure de cuir cloute | Armure de peaux | Chemise de mailles | Armure d'ecailles | Cuirasse | Demi-plate | Broigne | Cotte de mailles | Clibanion | Harnois | Bouclier | Formation aux armures | Une seule a la fois | Variante Taille de l'equipement
docs/img/img Batch 1/WhatsApp Image 2026-07-07 at 12.03.03 (7).jpeg;img Batch 1;?;;moyen numero absent haut coupe (probable 220);1536;2048;555393;ada2cc72d98935511c486ed2e094594c;Outils | Maitrise d'outils | Outils d'artisan | Materiel d'alchimiste | Materiel de brasseur | Materiel de calligraphe | Materiel de peintre | Outils de bricoleur | Outils de cartographe | Outils de charpentier | Outils de cordonnier | Outils de forgeron
docs/img/img Batch 1/WhatsApp Image 2026-07-07 at 12.03.03 (8).jpeg;img Batch 1;221;;bon net;1536;2048;548193;166dc9600487f601b8ce28341a7b2952;Outils de joaillier | Outils de macon | Outils de menuisier | Outils de potier | Outils de souffleur de verre | Outils de tanneur | Outils de tisserand | Ustensiles de cuisinier | Autres outils | Accessoires de deguisement | Boite de jeux | Instrument de musique | Instruments de navigateur | Materiel de contrefacon | Materiel d'empoisonneur | Materiel d'herboriste | Outils de voleur
docs/img/img Batch 1/WhatsApp Image 2026-07-07 at 12.03.03 (9).jpeg;img Batch 1;222;;bon net;1536;2048;538041;9ffb9933c5cbb86a9c4c580d3735d25e;Equipement d'aventurier | Acide | Antidote | Beaux habits | Belier portable | Billes | Boite a amadou
docs/img/img Batch 1/WhatsApp Image 2026-07-07 at 12.03.03 (10).jpeg;img Batch 1;223;;bon net;1536;2048;406273;830aeeb57c91a85f13d4ac9a639820a1;Table Equipement d'aventurier | Acide | Antidote | Beaux habits | Belier portable | Billes | Boite a amadou | Bougie | Bouteille verre | Cadenas | Carquois | Carte | Chaine | Chausse-trappes | Cloche | Coffre | Corde | Costume | Couverture | Cruche | Eau benite | Echelle | Encre | Etui a cartes ou a parchemins | Etui pour carreaux d'arbalete | Feu gregeois | Ficelle | Filet | Fiole | Flasque | Focaliseur arcanique | Focaliseur druidique | Grappin | Huile | Lampe | Lanterne a capote | Lanterne sourde | Livre | Longue-vue | Loupe | Materiel d'escalade | Menottes | Miroir | Munitions | Outre | Palan | Panier | Papier | Paquetage d'artiste | Paquetage de cambrioleur | Paquetage de diplomate | Paquetage d'ecclesiastique | Paquetage d'erudit | Paquetage d'explorateur | Paquetage d'exploration souterraine | Parchemin | Parchemin de sort | Parfum | Pelle | Perche | Pied-de-biche | Piege a machoires | Pointes en fer | Poison standard | Porte-plume | Pot en fer | Potion de guerison | Rations | Robe | Sac | Sac a dos | Sac de couchage | Sacoche | Sacoche a composantes | Seau | Sifflet | Symbole sacre | Tente | Tenue de voyage | Tonneau | Torche | Trousse de soins
docs/img/img Batch 1/WhatsApp Image 2026-07-07 at 12.03.04.jpeg;img Batch 1;224;;bon net;1536;2048;541100;bde11ad74012f6d996f449dedc02ee50;Bougie | Bouteille verre | Cadenas | Carquois | Carte | Chaine | Chausse-trappes | Cloche | Coffre | Corde | Costume | Couverture | Cruche | Eau benite | Echelle | Encre | Etui a cartes ou a parchemins | Etui pour carreaux d'arbalete
docs/img/img Batch 1/WhatsApp Image 2026-07-07 at 12.03.04 (1).jpeg;img Batch 1;225;;bon net;1536;2048;572336;629fe7f8988d92c2188de5e80c9a345c;Feu gregeois | Ficelle | Filet | Fiole | Flasque | Focaliseur arcanique | Focaliseurs arcaniques | Focaliseur druidique | Focaliseurs druidiques | Grappin | Huile
docs/img/img Batch 1/WhatsApp Image 2026-07-07 at 12.03.04 (2).jpeg;img Batch 1;226;;bon net;1536;2048;581676;bb46bd0f8f75f6e82a1b07226d9f6f4c;Lampe | Lanterne a capote | Lanterne sourde | Livre | Longue-vue | Loupe | Materiel d'escalade | Menottes | Miroir | Munitions | Outre
docs/img/img Batch 1/WhatsApp Image 2026-07-07 at 12.03.04 (3).jpeg;img Batch 1;227;;bon net;1536;2048;577504;e3ff89179d7d8f3bb905c74530572f6a;Palan | Panier | Papier | Paquetage d'artiste | Paquetage de cambrioleur | Paquetage de diplomate | Paquetage d'ecclesiastique | Paquetage d'erudit | Paquetage d'explorateur | Paquetage d'exploration souterraine | Parchemin | Parchemin de sort | Parfum | Pelle | Perche | Pied-de-biche | Piege a machoires
docs/img/img Batch 1/WhatsApp Image 2026-07-07 at 12.03.04 (4).jpeg;img Batch 1;228;;bon net;1536;2048;537514;bdcd4cec29666e33398bf11ce67d46c8;Pointes en fer | Poison standard | Porte-plume | Pot en fer | Potion de guerison | Rations | Robe | Sac | Sac a dos | Sac de couchage | Sacoche | Sacoche a composantes | Seau | Sifflet | Symbole sacre | Symboles sacres | Tente | Tenue de voyage
docs/img/img Batch 1/WhatsApp Image 2026-07-07 at 12.03.04 (5).jpeg;img Batch 1;229;;bon net;1536;2048;506059;8b22febf74e28c4b17a98bcd88b9aee5;Tonneau | Torche | Trousse de soins | Montures et vehicules | Montures et chargement | Barde | Selles | Montures et autres animaux | Harnachement et vehicules tractes
docs/img/img Batch 2/WhatsApp Image 2026-07-09 at 00.30.41.jpeg;img Batch 2;?;;bon - ouverture de chapitre nette;1152;2048;393298;dfdc17831ddfde0d18a85f015940f0e3;
docs/img/img Batch 2/WhatsApp Image 2026-07-09 at 00.30.42.jpeg;img Batch 2;?;;bon - texte lisible leger courbure;1152;2048;478928;cefb9b8ece54412f0d5d7c9c9353f61c;
docs/img/img Batch 2/WhatsApp Image 2026-07-09 at 00.30.42 (1).jpeg;img Batch 2;?;;bon - texte lisible;1152;2048;409762;f4020ee11b6d39868162ca9f29ec157d;
docs/img/img Batch 2/WhatsApp Image 2026-07-09 at 00.30.42 (2).jpeg;img Batch 2;?;;bon - illustration + texte lisible;1152;2048;394386;54d0cf1517f707f8f0d9c35632817be3;
docs/img/img Batch 2/WhatsApp Image 2026-07-09 at 00.30.42 (3).jpeg;img Batch 2;?;;bon - schema zones d'effet lisible;1152;2048;431139;e95e5c03ad6accf25adae5aba8de58a7;
docs/img/img Batch 2/WhatsApp Image 2026-07-09 at 00.30.42 (4).jpeg;img Batch 2;?;;bon - texte lisible;1152;2048;431139;e95e5c03ad6accf25adae5aba8de58a7;Agrandissement/rapetissement | Aide | Alarme | Alienation | Allie planaire
docs/img/img Batch 2/WhatsApp Image 2026-07-09 at 00.30.43.jpeg;img Batch 2;?;;bon - texte lisible;1152;2048;481141;80be9a92b0315a12778eb28801026034;Amelioration de caracteristique | Amitie avec les animaux | Animation des morts | Animation des objets
docs/img/img Batch 2/WhatsApp Image 2026-07-09 at 00.30.43 (1).jpeg;img Batch 2;?;;bon - doublon de la page precedente;1152;2048;481141;80be9a92b0315a12778eb28801026034;Amelioration de caracteristique | Amitie avec les animaux | Animation des morts | Animation des objets
docs/img/img Batch 2/WhatsApp Image 2026-07-09 at 00.30.43 (2).jpeg;img Batch 2;?;;bon - encart profil + texte lisible;1152;2048;371702;e12c20049adaacf48deee56eb65183fd;Objet anime | Antidetection | Apaisement des emotions | Apparence trompeuse
docs/img/img Batch 2/WhatsApp Image 2026-07-09 at 00.30.43 (3).jpeg;img Batch 2;?;;bon - encart profil + texte lisible;1152;2048;437587;1ed4d800be71a388ef12584ec2cbd9f6;Appel de destrier | Monture d'outre-monde | Appel de familier
docs/img/img Batch 2/WhatsApp Image 2026-07-09 at 00.30.43 (4).jpeg;img Batch 2;?;;bon - doublon de la page precedente;1152;2048;437587;1ed4d800be71a388ef12584ec2cbd9f6;Appel de destrier | Monture d'outre-monde | Appel de familier
docs/img/img Batch 2/WhatsApp Image 2026-07-09 at 00.30.43 (5).jpeg;img Batch 2;?;;bon - illustration + texte lisible;1152;2048;337539;9e469a5725baca9848e8eafe0cebbc7a;Appel de la foudre | Arme elementaire
docs/img/img Batch 2/WhatsApp Image 2026-07-09 at 00.30.43 (6).jpeg;img Batch 2;?;;bon - illustration + texte lisible;1152;2048;266722;0c1c8344a77994ab28487134c2d35f4a;Arme magique | Arme spirituelle
docs/img/img Batch 2/WhatsApp Image 2026-07-09 at 00.30.44.jpeg;img Batch 2;?;;bon - illustration + texte lisible;1152;2048;318637;69da74220869b88b63b7bb8a99c5db89;Armure d'Agathys | Armure du mage | Arret du temps
docs/img/img Batch 2/WhatsApp Image 2026-07-09 at 00.30.44 (1).jpeg;img Batch 2;?;;bon - texte lisible;1152;2048;371559;155e2d30efab3c060b1898978b6b0044;Aspersion acide | Assassin imaginaire | Assistance | Augure | Aura du croise | Aura magique de Nystul
docs/img/img Batch 2/WhatsApp Image 2026-07-09 at 00.30.44 (2).jpeg;img Batch 2;?;;bon - texte lisible;1152;2048;356560;82ea1bd21622eae38ef8ca07adf4af1d;Aura de purete | Aura sacree | Aura de vie | Aura de vitalite | Aversion/attirance
docs/img/img Batch 2/WhatsApp Image 2026-07-09 at 00.30.44 (3).jpeg;img Batch 2;?;;bon - texte lisible;1152;2048;330835;ef2ae525d7ba67568201e5e93485933e;Bagou | Baies nourricieres | Bannissement | Barriere de lames | Benediction | Blessure
docs/img/img Batch 2/WhatsApp Image 2026-07-09 at 00.30.45.jpeg;img Batch 2;?;;bon - illustration + texte lisible;1152;2048;366875;d181a651b4f9003cd8b89f9c8de6d27a;Bouche magique | Bouclier | Bouclier de feu
docs/img/img Batch 2/WhatsApp Image 2026-07-09 at 00.30.45 (1).jpeg;img Batch 2;?;;bon - texte lisible;1152;2048;413527;6303afe12be9c3fb8d01d58c4b159222;Bouclier de la foi | Bouffee de poison | Boule de feu | Boule de feu a retardement | Bourrasque | Brume mortelle
docs/img/img Batch 2/WhatsApp Image 2026-07-09 at 00.30.45 (2).jpeg;img Batch 2;?;;bon - texte lisible;1152;2048;412625;9948af40eaf1b8425d737aef02ca6c2d;Cage de force | Caresse du vampire | Cecite/surdite | Cercle magique
docs/img/img Batch 2/WhatsApp Image 2026-07-09 at 00.30.45 (3).jpeg;img Batch 2;?;;bon - texte lisible;1152;2048;406966;6b1f6278d4ce2ac6b813883d5f441d5c;Cercle de mort | Cercle de pouvoir | Cercle de teleportation | Chaine d'eclairs | Champ antimagie
docs/img/img Batch 2/WhatsApp Image 2026-07-09 at 00.30.45 (4).jpeg;img Batch 2;?;;bon - illustration + texte lisible;1152;2048;376682;01676993d0cc49019796557ee7a4c2b8;Changement de forme | Changement de plan
docs/img/img Batch 2/WhatsApp Image 2026-07-09 at 00.30.46.jpeg;img Batch 2;?;;bon - texte lisible;1152;2048;379629;d6cb6a41f0d0ae37930bd25bc1d3acd2;Charme-monstre | Charme-personne | Chatiment du ban | Chatiment de cecite | Chatiment de courroux | Chatiment divin
docs/img/img Batch 2/WhatsApp Image 2026-07-09 at 00.30.46 (1).jpeg;img Batch 2;?;;bon - illustration + texte lisible;1152;2048;321384;e8e13fd6b1e6cc3e2ebb71fc121d6757;Chatiment de fournaise | Chatiment de revelation | Chatiment de stupeur
docs/img/img Batch 2/WhatsApp Image 2026-07-09 at 00.30.46 (2).jpeg;img Batch 2;?;;bon - illustration + texte lisible;1152;2048;350202;6222035e103463b7212102cffa80ee01;Chatiment de tonnerre | Chaudron bouillonnant de Tasha | Chien de garde de Mordenkainen
docs/img/img Batch 2/WhatsApp Image 2026-07-09 at 00.30.46 (3).jpeg;img Batch 2;25;;bon;1152;2048;439761;30d6fc02218508e10f3783a260a321c2;CLAIRVOYANCE | CLIGNOTEMENT | CLONE | COFFRE SECRET DE LEOMUND
docs/img/img Batch 2/WhatsApp Image 2026-07-09 at 00.30.46 (4).jpeg;img Batch 2;?;;bon;1152;2048;391956;afd9f1631070eabff0fa30c5933462b4;COLONNE DE FLAMME | COMMUNICATION AVEC LES ANIMAUX | COMMUNICATION A DISTANCE | COMMUNICATION AVEC LES MORTS | COMMUNICATION AVEC LES PLANTES
docs/img/img Batch 2/WhatsApp Image 2026-07-09 at 00.30.47.jpeg;img Batch 2;?;;bon;1152;2048;361528;20639782940178389a83bab5bf638003;COMMUNION | COMMUNION AVEC LA NATURE | COMPREHENSION DES LANGUES | COMPULSION
docs/img/img Batch 2/WhatsApp Image 2026-07-09 at 00.30.47 (1).jpeg;img Batch 2;60;;bon;1152;2048;317836;d1429b119371cf879ab44eae8b26e70b;CONE DE FROID | CONFUSION
docs/img/img Batch 2/WhatsApp Image 2026-07-09 at 00.30.47 (2).jpeg;img Batch 2;?;;bon;1152;2048;357903;1ce076f1d5b995cb60afbf2438d4865d;CONTACT GLACIAL | CONTACT AVEC LES PLANS | CONTAGION | CONTAMINATION | CONTRESORT | CONTROLE DU CLIMAT
docs/img/img Batch 2/WhatsApp Image 2026-07-09 at 00.30.47 (3).jpeg;img Batch 2;262;;bon;1152;2048;359432;7405c1db08578b7f030f15bd338262ba;CONTROLE DE L'EAU
docs/img/img Batch 2/WhatsApp Image 2026-07-09 at 00.30.48.jpeg;img Batch 2;?;;bon;1152;2048;393612;88d453a7cc6060a8f0ce9f03a0ad3bc9;CONVOCATION D'ABERRATION
docs/img/img Batch 2/WhatsApp Image 2026-07-09 at 00.30.48 (1).jpeg;img Batch 2;?;;bon;1152;2048;410170;77b00d2338bdf12fb27036e5da5296f1;CONVOCATION D'ARTIFICIEL | CONVOCATION DE BETE
docs/img/img Batch 2/WhatsApp Image 2026-07-09 at 00.30.48 (2).jpeg;img Batch 2;?;;bon;1152;2048;391124;620a3e67388a97ceccae0f60465f2ebe;CONVOCATION DE CELESTE
docs/img/img Batch 2/WhatsApp Image 2026-07-09 at 00.30.48 (3).jpeg;img Batch 2;?;;bon;1152;2048;397836;74b3544128bb5e50d8bbd6c1ef9a2b6c;CONVOCATION DE DRAGON
docs/img/img Batch 2/WhatsApp Image 2026-07-09 at 00.30.48 (4).jpeg;img Batch 2;?;;bon;1152;2048;358336;ba8d839c4e8deb6c0492f9ebd2799402;CONVOCATION D'ELEMENTAIRE | CONVOCATION DE FEE
docs/img/img Batch 2/WhatsApp Image 2026-07-09 at 00.30.49.jpeg;img Batch 2;68;;bon;1152;2048;384399;359d1fdcfedacc2b43aea01d10b04f68;CONVOCATION DE FIELON
docs/img/img Batch 2/WhatsApp Image 2026-07-09 at 00.30.49 (1).jpeg;img Batch 2;?;;bon;1152;2048;353861;ab75ec9cd171a26194cb6b3dca7b5413;CONVOCATION DE MORT-VIVANT
docs/img/img Batch 2/WhatsApp Image 2026-07-09 at 00.30.49 (2).jpeg;img Batch 2;?;;bon;1152;2048;406184;d45c5742575a28ff3bc1241eabbd4d7e;CONVOCATIONS INSTANTANEES DE DRAWMIJ | COQUILLE ANTIVIE | CORDE ENCHANTEE | CORDON DE FLECHES | COULEURS DANSANTES
docs/img/img Batch 2/WhatsApp Image 2026-07-09 at 00.30.49 (3).jpeg;img Batch 2;?;;bon;1152;2048;371174;6b0ee85ade6ceab155ae0924c5f1a94b;COUP AU BUT | COUP DE TONNERRE | COURONNE DU DEMENT | COUTEAU DE GLACE | CREATION
docs/img/img Batch 2/WhatsApp Image 2026-07-09 at 00.30.50.jpeg;img Batch 2;?;;bon;1152;2048;415496;6100aba8716ad60fca363f39903e096d;CREATION OU DESTRUCTION D'EAU | CREATION DE MORT-VIVANT | CREATION DE NOURRITURE ET D'EAU | CROISSANCE D'EPINES
docs/img/img Batch 2/WhatsApp Image 2026-07-09 at 00.30.50 (1).jpeg;img Batch 2;?;;bon;1152;2048;410235;9cd07d3d362537401500dab345d3f10d;CROISSANCE VEGETALE | CROSSE DES DRUIDES | DANSE IRRESISTIBLE D'OTTO | DEBLOCAGE | DECHARGE OCCULTE | DEDALE
docs/img/img Batch 2/WhatsApp Image 2026-07-09 at 00.30.50 (2).jpeg;img Batch 2;?;;bon;1152;2048;414331;922ffd0889106d7e1d3422ad4b7ebc33;DEGUISEMENT | DELIVRANCE DES MALEDICTIONS | DEMI-PLAN | DESINTEGRATION | DETECTION DE L'INVISIBILITE | DETECTION DE LA MAGIE
docs/img/img Batch 2/WhatsApp Image 2026-07-09 at 00.30.50 (3).jpeg;img Batch 2;?;;bon;1152;2048;410744;cd69805178252b22a013c1d51272af41;DETECTION DU MAL ET DU BIEN | DETECTION DES PENSEES | DETECTION DES PIEGES | DETECTION DU POISON ET DES MALADIES | DISCOURS CAPTIVANT
docs/img/img Batch 2/WhatsApp Image 2026-07-09 at 00.30.51.jpeg;img Batch 2;?;;bon;1152;2048;389817;94eec3d885a87fd89bb54c6ca9859ca9;DISQUE FLOTTANT DE TENSER | DISSIMULATION SUPREME
docs/img/img Batch 2/WhatsApp Image 2026-07-09 at 00.30.51 (1).jpeg;img Batch 2;?;;bon;1152;2048;324069;1000acfefe48a132344df6016ae96306;DISSIPATION DE LA MAGIE | DISSIPATION DU MAL ET DU BIEN
docs/img/img Batch 2/WhatsApp Image 2026-07-09 at 00.30.51 (2).jpeg;img Batch 2;?;;bon;1152;2048;427979;a58b379bb7420633d0ea2bacc1a0ed80;DIVINATION | DOIGT DE MORT | DOMINATION DE BETE | DOMINATION DE MONSTRE | DOMINATION DE PERSONNE
docs/img/img Batch 2/WhatsApp Image 2026-07-09 at 00.30.51 (3).jpeg;img Batch 2;?;;bon;1152;2048;358739;fab010111e360a1c92581c488dfc34cc;DON DES LANGUES | DOUBLE ILLUSOIRE | DOUX REPOS | DRUIDISME
docs/img/img Batch 2/WhatsApp Image 2026-07-09 at 00.30.52.jpeg;img Batch 2;?;;moyen photo recadree haut coupe pas de bandeau ni numero;1152;2048;331372;b82ab8885dd5152953906e212a33b6a4;DUEL FORCE | ECLAIR
docs/img/img Batch 3/WhatsApp Image 2026-07-09 at 09.56.23.jpeg;img Batch 3;280;;bon;1152;2048;425575;7426d5d97518be0f799a992c67e13eee;Duel force | Eclair | Eclat du soleil | Elementalisme | Embruns prismatiques
docs/img/img Batch 3/WhatsApp Image 2026-07-09 at 09.56.24.jpeg;img Batch 3;281;;bon;1152;2048;350795;831d2366bafacc22e5fc75f38e643e6c;Emprisonnement
docs/img/img Batch 3/WhatsApp Image 2026-07-09 at 09.56.24 (1).jpeg;img Batch 3;282;;bon;1152;2048;429969;216e156fe5238d37573c7439e61d16ba;Enchevetrement
docs/img/img Batch 3/WhatsApp Image 2026-07-09 at 09.56.24 (2).jpeg;img Batch 3;283;;bon;1152;2048;410683;53e8285d414cea16e6a7fbf4392fc8fb;Ennemi subconscient | Entrave planaire | Epee de Mordenkainen | Epine mentale | Eruption ensorcelee
docs/img/img Batch 3/WhatsApp Image 2026-07-09 at 09.56.24 (3).jpeg;img Batch 3;284;;bon;1152;2048;439973;17471878b64c1d1df48b161f4c0ed24e;Esprit impenetrable | Esprits gardiens | Etat cadaverique | Eveil | Fabrication | Faconnage de la pierre
docs/img/img Batch 3/WhatsApp Image 2026-07-09 at 09.56.25.jpeg;img Batch 3;285;;bon;1152;2048;422721;90b06f9794b3587528bcbba5225e74cd;Faveur divine | Faux amis | Festin des heros
docs/img/img Batch 3/WhatsApp Image 2026-07-09 at 09.56.25 (1).jpeg;img Batch 3;286;;bon;1152;2048;423767;3c1ea55c4de28f072d7b47bd584ad4a3;Feuille morte | Flamme eternelle | Flamme sacree | Flammes | Fleau d'insectes | Fleche acide de Melf
docs/img/img Batch 3/WhatsApp Image 2026-07-09 at 09.56.25 (2).jpeg;img Batch 3;287;;bon;1152;2048;379592;05941d127e00792b66a9c2c31741a739;Fleche de foudre | Fletrissement
docs/img/img Batch 3/WhatsApp Image 2026-07-09 at 09.56.25 (3).jpeg;img Batch 3;288;;bon;1152;2048;444130;2eb3a087823625ba5651ee2e14992f11;Flou | Fontaine de lune | Force fantasmagorique | Forme etheree | Forme gazeuse
docs/img/img Batch 3/WhatsApp Image 2026-07-09 at 09.56.26.jpeg;img Batch 3;289;;bon;1152;2048;375900;86e8d4d889a3c1d8df1842975dd2cacc;Fou rire de Tasha | Fouet epineux | Foulee brumeuse | Fracassement | Frappe piegeuse
docs/img/img Batch 3/WhatsApp Image 2026-07-09 at 09.56.26 (1).jpeg;img Batch 3;290;;bon;1152;2048;332842;259bc9b66ead86031ec3c661626d7dd7;Frappe du vent d'acier | Fusion dans la pierre
docs/img/img Batch 3/WhatsApp Image 2026-07-09 at 09.56.26 (2).jpeg;img Batch 3;291;;bon;1152;2048;440231;27ec65d8ea61336b56d274030300b54b;Gardien de la foi | Glas | Glissement de terrain | Globe d'invulnerabilite | Glyphe de garde
docs/img/img Batch 3/WhatsApp Image 2026-07-09 at 09.56.27.jpeg;img Batch 3;292;;bon;1152;2048;435351;e48509b5fb3452f22ddc8464b63fc7a0;Graisse | Grande foulee | Grele d'epines | Guerison | Guerison de groupe
docs/img/img Batch 3/WhatsApp Image 2026-07-09 at 09.56.27 (1).jpeg;img Batch 3;293;;bon;1152;2048;381379;f1d0f94d0b58a1856817f9701893bd43;Hate | Herissement de projectiles | Heroisme | Identification | Illusion mineure
docs/img/img Batch 3/WhatsApp Image 2026-07-09 at 09.56.27 (2).jpeg;img Batch 3;294;;bon;1152;2048;385005;9d64d467cb8093277ec42929037c6751;Illusion programmee | Image majeure
docs/img/img Batch 3/WhatsApp Image 2026-07-09 at 09.56.28.jpeg;img Batch 3;295;;bon;1152;2048;419130;d5a3b369b2753579a7d567a08800ead1;Image miroir | Image projetee | Image silencieuse | Immobilisation de monstre
docs/img/img Batch 3/WhatsApp Image 2026-07-09 at 09.56.28 (1).jpeg;img Batch 3;296;;bon;1152;2048;428137;7c9ceb38928f4c1586e5463e5b78c6a6;Immobilisation de personne | Imprecation | Injonction | Insecte geant
docs/img/img Batch 3/WhatsApp Image 2026-07-09 at 09.56.28 (2).jpeg;img Batch 3;297;;bon;1152;2048;411771;46ad599a0e86b40195afd1795ece02eb;Interdiction | Inversion de la gravite | Invisibilite | Invisibilite supreme | Invocation d'animaux
docs/img/img Batch 3/WhatsApp Image 2026-07-09 at 09.56.29.jpeg;img Batch 3;298;;bon;1152;2048;428382;f53fb21f74d64c253df14e2e3d5daccc;Invocation de celeste | Invocation d'elementaire | Invocation d'elementaires mineurs | Invocation d'etres sylvestres | Invocation de fee
docs/img/img Batch 3/WhatsApp Image 2026-07-09 at 09.56.29 (1).jpeg;img Batch 3;299;;bon;1152;2048;414226;7373dd8f664aee71b0404e2830eeca32;Invocation de volee | Lame de feu | Lenteur | Levitation | Liane avide
docs/img/img Batch 3/WhatsApp Image 2026-07-09 at 09.56.29 (2).jpeg;img Batch 3;300;;bon;1152;2048;403149;c7555094f9d282828a0173557f822ad9;Liberte de mouvement | Lien de protection | Lien telepathique de Rary | Localisation d'animaux ou de plantes | Localisation de creature | Localisation d'objet
docs/img/img Batch 3/WhatsApp Image 2026-07-09 at 09.56.29 (3).jpeg;img Batch 3;301;;bon;1152;2048;344305;19a0dcb0a43a7f75c9a8adb32e146458;Lueur d'espoir | Lueurs feeriques | Lumiere | Lumiere du jour
docs/img/img Batch 3/WhatsApp Image 2026-07-09 at 09.56.30.jpeg;img Batch 3;302;;bon;1152;2048;398601;ab15d805ec3da5789691464416085e96;Lumieres dansantes | Main de Bigby
docs/img/img Batch 3/WhatsApp Image 2026-07-09 at 09.56.30 (1).jpeg;img Batch 3;303;;bon;1152;2048;410613;ae3c72a6b6c0b0d2f3129e977862e0af;Main du mage | Mains brulantes | Malediction | Malefice
docs/img/img Batch 3/WhatsApp Image 2026-07-09 at 09.56.30 (2).jpeg;img Batch 3;304;;bon;1152;2048;436981;204bc44b405cb43b360e15c352d1712f;Manoir somptueux de Mordenkainen | Marche sur l'onde
docs/img/img Batch 3/WhatsApp Image 2026-07-09 at 09.56.31.jpeg;img Batch 3;305;;bon;1152;2048;405174;c1bd68443e6f509941715a5a19d1b517;Marque du chasseur | Mauvais oeil | Message | Messager animal | Metal brulant
docs/img/img Batch 3/WhatsApp Image 2026-07-09 at 09.56.31 (1).jpeg;img Batch 3;306;;bon;1152;2048;477192;1ad2e7cfea128b7243e868e6243923a7;Metamorphose | Metamorphose animale | Metamorphose supreme
docs/img/img Batch 3/WhatsApp Image 2026-07-09 at 09.56.31 (2).jpeg;img Batch 3;307;;bon;1152;2048;447228;d1e5273ede82a9cb5d302a18c906f90b;Mirage | Modification d'apparence | Modification de memoire
docs/img/img Batch 3/WhatsApp Image 2026-07-09 at 09.56.32.jpeg;img Batch 3;308;;bon;1152;2048;305517;44ae2c200866d1926d6185c048352b36;Monture fantome
docs/img/img Batch 3/WhatsApp Image 2026-07-09 at 09.56.32 (1).jpeg;img Batch 3;309;;bon;1152;2048;351984;82b5573a37b84c046e270fde560a73b8;Moquerie cruelle | Mot de guerison | Mot de guerison de groupe | Mot de pouvoir etourdissant
docs/img/img Batch 3/WhatsApp Image 2026-07-09 at 09.56.32 (2).jpeg;img Batch 3;310;;bon;1152;2048;414487;0397cdb213fc97ecac70d22a24f181a2;Mot de pouvoir fortifiant | Mot de pouvoir guerisseur | Mot de pouvoir mortel | Mot de radiance | Mot de retour | Motif hypnotique | Mur d'epines
docs/img/img Batch 3/WhatsApp Image 2026-07-09 at 09.56.33.jpeg;img Batch 3;311;;bon;1152;2048;422168;16399903ca612117e2fac63e0c8cc66e;Mur de feu | Mur de force | Mur de glace | Mur de pierre
docs/img/img Batch 3/WhatsApp Image 2026-07-09 at 09.56.33 (1).jpeg;img Batch 3;312;;bon;1152;2048;449699;d7eb1c363c196ebfeb139e9854c16103;Mur prismatique | Mur de vent
docs/img/img Batch 3/WhatsApp Image 2026-07-09 at 09.56.33 (2).jpeg;img Batch 3;313;;bon;1152;2048;384164;831364dd39c410008bfac2f2336b3a75;Murmures dissonants | Mythes et legendes | Nappe de brouillard | Nuage incendiaire | Nuage nauseabond
docs/img/img Batch 3/WhatsApp Image 2026-07-09 at 09.56.33 (3).jpeg;img Batch 3;314;;bon;1152;2048;402029;504ae058da64b6d4a1a30ca48da49c2d;Nuee de dagues | Nuee de meteores | Oeil du mage | Orbe chromatique | Orientation | Parole divine
docs/img/img Batch 3/WhatsApp Image 2026-07-09 at 09.56.34.jpeg;img Batch 3;315;;bon;1152;2048;393241;af7e477e723790b934057bae0f40d99e;Passage par les arbres
docs/img/img Batch 3/WhatsApp Image 2026-07-09 at 09.56.34 (1).jpeg;img Batch 3;316;;bon;1152;2048;359019;ce489a68c14046e71bc6fc83de173d85;Passage sans trace | Passe-muraille | Pattes d'araignee | Peau d'ecorce | Peau de pierre
docs/img/img Batch 3/WhatsApp Image 2026-07-09 at 09.56.34 (2).jpeg;img Batch 3;317;;bon;1152;2048;373072;cb5d19f0d66f7c044f699482f5505cba;Perception bestiale | Perturbations synaptiques | Petite hutte de Leomund | Petrification | Piqure mentale
docs/img/img Batch 3/WhatsApp Image 2026-07-09 at 09.56.35.jpeg;img Batch 3;318;;bon;1152;2048;387577;c625438bc97d38531b093fedf1978b68;Poigne electrique | Portail | Portail arcanique
docs/img/img Batch 3/WhatsApp Image 2026-07-09 at 09.56.35 (1).jpeg;img Batch 3;319;;bon;1152;2048;449508;b13bf1f4bcac57dc8af89acdb68327ca;Porte dimensionnelle | Possession | Poussiere d'etoile | Premeditation
docs/img/img Batch 3/WhatsApp Image 2026-07-09 at 09.56.35 (2).jpeg;img Batch 3;320;;bon;1152;2048;435548;b4315a48356e3c002d8b252a56139d7c;Premonition | Presence royale de Yolane | Prestidigitation | Priere de guerison | Projectile magique | Projection astrale
docs/img/img Batch 3/WhatsApp Image 2026-07-09 at 09.56.35 (3).jpeg;img Batch 3;321;;bon;1152;2048;400935;94d01affb1e8fcaf53454d8a2786e4df;Protection contre l'energie | Protection contre le mal et le bien | Protection contre la mort | Protection contre le poison | Protections et sceaux
docs/img/img Batch 3/WhatsApp Image 2026-07-09 at 09.56.36.jpeg;img Batch 3;322;;bon;1152;2048;360904;016d40b2b750a99a7ef8d28b61c738cb;Purification de la nourriture et de l'eau | Quete
docs/img/img Batch 3/WhatsApp Image 2026-07-09 at 09.56.36 (1).jpeg;img Batch 3;323;;bon;1152;2048;383120;c482b8e5f4065129cd4ffb28739e196b;Rappel a la vie | Rayon affaiblissant | Rayon ardent | Rayon empoisonne | Rayon de givre | Rayon de lune
docs/img/img Batch 3/WhatsApp Image 2026-07-09 at 09.56.36 (2).jpeg;img Batch 3;324;;bon;1152;2048;377004;4982133b1e3e868589e35fc3d8c893d6;Rayon de soleil | Rayon tracant | Regeneration | Reincarnation | Reparation
docs/img/img Batch 3/WhatsApp Image 2026-07-09 at 09.56.36 (3).jpeg;img Batch 3;325;;bon;1152;2048;315820;da5a4f1c2857941a7ba1e00b721e35a2;Repli expeditif | Represailles infernales | Resistance | Respiration aquatique
docs/img/img Batch 3/WhatsApp Image 2026-07-09 at 09.56.36 (4).jpeg;img Batch 3;326;;bon;1152;2048;421075;a9a59fb38cd1c756b4bc1d2922645acf;Restauration partielle | Restauration supreme | Resurrection
docs/img/img Batch 3/WhatsApp Image 2026-07-09 at 09.56.37.jpeg;img Batch 3;327;;bon;1152;2048;380883;47594856fffc9e111790fea061a5eec9;Resurrection supreme | Retour a la vie | Sanctification | Sanctuaire | Sanctuaire prive de Mordenkainen
docs/img/img Batch 3/WhatsApp Image 2026-07-09 at 09.56.37 (1).jpeg;img Batch 3;328;;bon;1152;2048;396609;fcb46f5bd3b93d99ca66be0903ef739e;Saut | Scrutation
docs/img/img Batch 3/WhatsApp Image 2026-07-09 at 09.56.37 (2).jpeg;img Batch 3;329;;bon;1152;2048;388065;fb29a7ebb1713b4074e5541c35995e5d;Serviteur invisible | Silence | Simulacre | Simulacre de vie
docs/img/img Batch 3/WhatsApp Image 2026-07-09 at 09.56.37 (3).jpeg;img Batch 3;330;;bon;1152;2048;359686;701609439d51fc0724c1b72a55d8c6e0;Soins | Soins de groupe | Sommeil | Songe | Souffle du dragon
docs/img/img Batch 3/WhatsApp Image 2026-07-09 at 09.56.38.jpeg;img Batch 3;331;;bon;1152;2048;459839;9665e98a133db7d5b8775c0425e882c6;Souhait | Sphere de feu
docs/img/img Batch 3/WhatsApp Image 2026-07-09 at 09.56.38 (1).jpeg;img Batch 3;332;;bon;1152;2048;409319;9118657c08431705da9c149776e5bb02;Sphere glacee d'Otiluke | Sphere resiliente d'Otiluke
docs/img/img Batch 3/WhatsApp Image 2026-07-09 at 09.56.38 (2).jpeg;img Batch 3;333;;bon;1152;2048;393750;de29eb3ec160d04e0ab1445b9884d3c6;Sphere de vitriol | Stabilisation | Suggestion | Suggestion de groupe | Symbole
docs/img/img Batch 3/WhatsApp Image 2026-07-09 at 09.56.38 (3).jpeg;img Batch 3;334;;bon;1152;2048;476183;97687465542d18d0ffe32d82e5c77b2f;Telekinesie | Telepathie | Teleportation
docs/img/img Batch 3/WhatsApp Image 2026-07-09 at 09.56.38 (4).jpeg;img Batch 3;335;;bon;1152;2048;385591;19da35f50c5465fb75640d723a93a18c;Tempete de feu | Tempete de grele | Tempete de neige
WhatsApp Image 2026-07-09 at 09.56.39.jpeg;;336;;bon;0;0;0;;Tempete radieuse de Jallarzi | Tempete vengeresse
WhatsApp Image 2026-07-09 at 09.56.39 (1).jpeg;;337;;bon;0;0;0;;Tenebres | Tentacules de Hadar
WhatsApp Image 2026-07-09 at 09.56.39 (2).jpeg;;338;;bon;0;0;0;;Tentacules noirs d'Evard | Terrain hallucinatoire
WhatsApp Image 2026-07-09 at 09.56.39 (3).jpeg;;339;;bon;0;0;0;;Terreur | Texte illusoire | Thaumaturgie | Toile d'araignee
WhatsApp Image 2026-07-09 at 09.56.40.jpeg;;340;;bon;0;0;0;;Trait ensorcele | Trait de feu | Tremblement de terre
WhatsApp Image 2026-07-09 at 09.56.40 (1).jpeg;;341;;bon;0;0;0;;Tsunami | Vague destructrice | Vague tonnante | Vent divin | Verrou magique
WhatsApp Image 2026-07-09 at 09.56.40 (2).jpeg;;342;;bon;0;0;0;;Vif carquois | Vigueur arcanique | Vision dans le noir | Vision supreme | Voie vegetale | Voile defensif | Vol
WhatsApp Image 2026-07-09 at 09.56.40 (3).jpeg;;343;;bon;0;0;0;;Voracite de Hadar | Zone de verite
WhatsApp Image 2026-07-09 at 09.56.41.jpeg;;344;;bon;0;0;0;;Le Multivers
WhatsApp Image 2026-07-09 at 09.56.41 (1).jpeg;;346;;bon;0;0;0;;Araignee | Araignee geante
WhatsApp Image 2026-07-09 at 09.56.41 (2).jpeg;;347;;bon;0;0;0;;Belette | Belette geante | Blaireau | Blaireau geant | Chameau
WhatsApp Image 2026-07-09 at 09.56.41 (3).jpeg;;348;;bon;0;0;0;;Chat | Chauve-souris | Cheval de selle | Cheval de trait
WhatsApp Image 2026-07-09 at 09.56.41 (4).jpeg;;349;;bon;0;0;0;;Chevre | Chevre geante | Chouette | Corbeau
WhatsApp Image 2026-07-09 at 09.56.42.jpeg;;350;;bon;0;0;0;;Crabe | Crabe geant | Crocodile | Destrier
WhatsApp Image 2026-07-09 at 09.56.42 (1).jpeg;;351;;bon;0;0;0;;Diablotin | Elephant
WhatsApp Image 2026-07-09 at 09.56.42 (2).jpeg;;352;;bon;0;0;0;;Esprit follet | Faucon | Grand cervide
WhatsApp Image 2026-07-09 at 09.56.42 (3).jpeg;;353;;bon;0;0;0;;Grand singe | Grenouille | Hippocampe geant | Lezard
WhatsApp Image 2026-07-09 at 09.56.42 (4).jpeg;;354;;bon;0;0;0;;Lion | Loup | Loup sanguinaire | Molosse
WhatsApp Image 2026-07-09 at 09.56.43.jpeg;;355;;bon;0;0;0;;Mule | Ours brun | Ours noir | Panthere
WhatsApp Image 2026-07-09 at 09.56.43 (1).jpeg;;356;;bon;0;0;0;;Pieuvre | Poney | Pseudodragon
WhatsApp Image 2026-07-09 at 09.56.43 (2).jpeg;;357;;bon;0;0;0;;Quasit | Rat | Requin de recif | Sanglier
WhatsApp Image 2026-07-09 at 09.56.43 (3).jpeg;;358;;bon;0;0;0;;Scorpion | Serpent constricteur | Serpent venimeux | Sphinx merveilleux
WhatsApp Image 2026-07-09 at 09.56.44.jpeg;;359;;bon;0;0;0;;Squelette | Tetard slaad | Tigre | Zombi
WhatsApp Image 2026-07-09 at 09.56.44 (1).jpeg;;360;;bon;0;0;0;;Glossaire de regles | A terre | Abri | Action | Action Bonus | Agrippe
WhatsApp Image 2026-07-09 at 09.56.44 (2).jpeg;;361;;bon;0;0;0;;Alignement | Allie | Allonge | Amical | Arme | Armes improvisees | Arme equivalente | Arrondis a l'inferieur | Asphyxie | Assommer une creature | Assourdi | Attaque
WhatsApp Image 2026-07-09 at 09.56.44 (3).jpeg;;362;;bon;0;0;0;;Attaque a mains nues | Attaque d'arme | Attaque de sort | Attaques d'Opportunite | Attitude | Avantage | Aventure | Aveugle | Bris des objets
WhatsApp Image 2026-07-09 at 09.56.44 (4).jpeg;;363;;bon;0;0;0;;Points de vie des objets | Campagne | Capacite de charge | Categorie de taille | Charme | Chute | Cible
WhatsApp Image 2026-07-09 at 09.56.45.jpeg;;364;;bon;0;0;0;;Classe d'armure | Competence | Concentration | Cone | Coup critique | Creature | Cube | Cylindre | Danger | Degats | Degre de difficulte | Des de vie
WhatsApp Image 2026-07-09 at 09.56.45 (1).jpeg;;365;;bon;0;0;0;;DESAVANTAGE | DESENGAGEMENT | DESHYDRATATION | BESOINS QUOTIDIENS EN EAU | EFFET MAGIQUE | EFFETS SIMULTANES | EFFRAYE | EMANATION | EMBRASEMENT | EMPOISONNE | EN PERIL | ENNEMI | ENTRAVE | EPUISEMENT
WhatsApp Image 2026-07-09 at 09.56.45 (2).jpeg;;366;;bon;0;0;0;;EPUISEMENT | ESCALADE | ESPACE INOCCUPE | ESPACE OCCUPE | ESQUIVE | ETAT | ETOURDI | ETUDE | DOMAINES DE SAVOIR | EXPERTISE
WhatsApp Image 2026-07-09 at 09.56.45 (3).jpeg;;367;;bon;0;0;0;;EXPERTISE | FACTEUR DE PUISSANCE | FICHE DE PERSONNAGE | FOCALISEUR D'INCANTATION | FORMATION AUX ARMURES | FURTIVITE | HARMONISATION | HOSTILE | ILLUSIONS | IMMUNITE
WhatsApp Image 2026-07-09 at 09.56.46.jpeg;;368;;bon;0;0;0;;INCONSCIENT | INDIFFERENT | INFLUENCE | TESTS D'INFLUENCE | INITIATIVE | INSPIRATION HEROIQUE | INTENTION
WhatsApp Image 2026-07-09 at 09.56.46 (1).jpeg;;369;;bon;0;0;0;;INVISIBLE | JET D'ATTAQUE | JET DE DEGATS | JET DE SAUVEGARDE | JET DE SAUVEGARDE CONTRE LA MORT | JS | LIGNE | LUMIERE FAIBLE | LUMIERE VIVE | LUTTE | MAGIE | MAITRISE
WhatsApp Image 2026-07-09 at 09.56.46 (2).jpeg;;370;;bon;0;0;0;;MALEDICTIONS | MALNUTRITION | BESOINS QUOTIDIENS EN NOURRITURE | METAMORPHES | MONSTRE | MORT | NAGE | NEUTRALISE | OBJET | OBSERVATION
WhatsApp Image 2026-07-09 at 09.56.46 (3).jpeg;;371;;bon;0;0;0;;OBSERVATION | PAR JOUR | PARALYSE | PERCEPTION DES VIBRATIONS | PERCEPTION PASSIVE | PERSONNAGE JOUEUR | PERSONNAGE NON-JOUEUR | PETRIFIE | POINTE
WhatsApp Image 2026-07-09 at 09.56.47.jpeg;;372;;bon;0;0;0;;POINTS D'EXPERIENCE | POINTS DE VIE | POINTS DE VIE TEMPORAIRES | POSSESSION | PROFIL DE JEU
WhatsApp Image 2026-07-09 at 09.56.47 (1).jpeg;;373;;bon;0;0;0;;FORMAT DES DEGATS | REACTION | RENCONTRE | REPOS COURT | REPOS LONG | REPTATION | RESISTANCE
WhatsApp Image 2026-07-09 at 09.56.47 (2).jpeg;;374;;bon;0;0;0;;RITUEL | SAUT | SAUT EN HAUTEUR | SAUT EN LONGUEUR | SEUIL DE DEGATS | SOINS | SORT | SORT MINEUR | SOUTIEN
WhatsApp Image 2026-07-09 at 09.56.47 (3).jpeg;;375;;bon;0;0;0;;SPHERE | STABILISE | SURPRISE | TELEPATHIE | TELEPORTATION | TENEBRES | TERRAIN DIFFICILE | TEST DE CARACTERISTIQUE | TEST D20
WhatsApp Image 2026-07-09 at 09.56.48.jpeg;;376;;bon;0;0;0;;TYPE DE CREATURE | TYPES DE DEGATS | UTILISATION | VALEUR ET MODIFICATEUR DE CARACTERISTIQUE | VISIBILITE NULLE | VISIBILITE REDUITE | VISION AVEUGLE | VISION DANS LE NOIR | VISION LUCIDE
WhatsApp Image 2026-07-09 at 09.56.48 (1).jpeg;;377;;bon;0;0;0;;VITESSE | VITESSE D'ESCALADE | VITESSE DE FOUISSEMENT | VITESSE DE NAGE | VITESSE DE VOL | VOL | VOL STATIONNAIRE | VULNERABILITE | ZONE D'EFFET
WhatsApp Image 2026-07-09 at 09.56.48 (2).jpeg;;?;;moyen numero de page non visible;0;0;0;;TRAITS DE BASE DU BARBARE | BARBARE | APTITUDES DE CLASSE DU BARBARE | RAGE | BOTTES D'ARME | DEFENSE SANS ARMURE
WhatsApp Image 2026-07-09 at 09.56.48 (3).jpeg;;?;;moyen numero de page non visible;0;0;0;;APTITUDES DU BARBARE | SENS DU DANGER | TEMERITE | SAVOIR PRIMAL | SOUS-CLASSE DE BARBARE | AMELIORATION DE CARACTERISTIQUE | ATTAQUE SUPPLEMENTAIRE | DEPLACEMENT RAPIDE | BOND INSTINCTIF
WhatsApp Image 2026-07-09 at 09.56.49.jpeg;;53;;bon;0;0;0;;INSTINCT SAUVAGE | COUP BRUTAL | RAGE IMPLACABLE | COUP BRUTAL AMELIORE | RAGE PERSISTANTE | PUISSANCE INDOMPTABLE | FAVEUR EPIQUE | CHAMPION PRIMITIF
WhatsApp Image 2026-07-09 at 10.01.57.jpeg;;54;;bon;0;0;0;;SOUS-CLASSE DE BARBARE | VOIE DE L'ARBRE-MONDE | VITALITE DE L'ARBRE | BRANCHES DE L'ARBRE | ROSSEE DE RACINES | VOYAGE AU GRE DE L'ARBRE
WhatsApp Image 2026-07-09 at 10.01.57 (1).jpeg;;55;;bon;0;0;0;;VOIE DU BERSERKER | FRENESIE | RAGE AVEUGLE | REPRESAILLES | PRESENCE INTIMIDANTE
WhatsApp Image 2026-07-09 at 10.01.57 (2).jpeg;;?;;moyen numero de page non visible;0;0;0;;VOIE DU COEUR SAUVAGE | ORATEUR ANIMAL | RAGE DU PREDATEUR | ASPECT DE FAUNE | ORATEUR DE LA NATURE | PUISSANCE DE LA FAUNE
WhatsApp Image 2026-07-09 at 10.01.58.jpeg;;57;;bon;0;0;0;;VOIE DU ZELATEUR | FUREUR DIVINE | SOLDAT DES DIEUX | DETERMINATION FANATIQUE | PRESENCE ZELEE | RAGE DES DIEUX
WhatsApp Image 2026-07-09 at 10.01.58 (1).jpeg;;59;;bon;0;0;0;;TRAITS DE BASE DU BARDE | BARDE | APTITUDES DE CLASSE DU BARDE | INSPIRATION BARDIQUE | SORTS
WhatsApp Image 2026-07-09 at 10.01.58 (2).jpeg;;60;;bon;0;0;0;;APTITUDES DU BARDE | EXPERTISE | TOUCHE-A-TOUT | SOUS-CLASSE DE BARDE
WhatsApp Image 2026-07-09 at 10.01.59.jpeg;;?;;moyen numero de page non visible;0;0;0;;LE REPERTOIRE DU BARDE | AMELIORATION DE CARACTERISTIQUE | SOURCE D'INSPIRATION | CONTRE-CHARME | SECRETS MAGIQUES | INSPIRATION SUPERIEURE | FAVEUR EPIQUE | VERBE DE LA CREATION
WhatsApp Image 2026-07-09 at 10.01.59 (1).jpeg;;62;;bon;0;0;0;;LISTE DES SORTS DE BARDE | SORTS MINEURS | SORTS DE BARDE DU 1ER NIVEAU | SORTS DE BARDE DU 2E NIVEAU | SORTS DE BARDE DU 3E NIVEAU
WhatsApp Image 2026-07-09 at 10.01.59 (2).jpeg;;63;;bon;0;0;0;;SORTS DE BARDE DU 4E NIVEAU | SORTS DE BARDE DU 5E NIVEAU | SORTS DE BARDE DU 6E NIVEAU | SORTS DE BARDE DU 7E NIVEAU | SORTS DE BARDE DU 8E NIVEAU | SORTS DE BARDE DU 9E NIVEAU
WhatsApp Image 2026-07-09 at 10.01.59 (3).jpeg;;64;;bon;0;0;0;;SOUS-CLASSES DE BARDE | COLLEGE DE LA DANSE | PIROUETTES EBLOUISSANTES | DEPLACEMENT EXALTANT | PIROUETTES COORDONNEES
WhatsApp Image 2026-07-09 at 10.02.00.jpeg;;65;;bon;0;0;0;;ESQUIVE CAVALIERE | COLLEGE DU SAVOIR | MAITRISES SUPPLEMENTAIRES | MOTS CINGLANTS | DECOUVERTES MAGIQUES | COMPETENCE HORS PAIR
WhatsApp Image 2026-07-09 at 10.02.00 (1).jpeg;;66;;bon;0;0;0;;COLLEGE DE LA SEDUCTION | MAGIE ENVOUTANTE | MANTE D'INSPIRATION | MANTE DE MAJESTE
WhatsApp Image 2026-07-09 at 10.02.00 (2).jpeg;;67;;bon;0;0;0;;Majeste souveraine | College de la Vaillance | Formation martiale | Inspiration martiale | Attaque supplementaire | Magie de guerre
WhatsApp Image 2026-07-09 at 10.02.01.jpeg;;69;;bon;0;0;0;;Traits de base du Clerc | Aptitudes de classe du Clerc | Sorts | Devenir Clerc
WhatsApp Image 2026-07-09 at 10.02.01 (1).jpeg;;70;;bon;0;0;0;;Aptitudes du Clerc | Ordre divin | Conduit divin | Sous-classe de Clerc
WhatsApp Image 2026-07-09 at 10.02.01 (2).jpeg;;71;;bon;0;0;0;;Amelioration de caracteristique | Calcination de Mort-vivant | Impacts benis | Intervention divine | Impacts benis ameliores | Faveur epique | Intervention divine supreme | Liste des sorts de Clerc
WhatsApp Image 2026-07-09 at 10.02.01 (3).jpeg;;72;;bon;0;0;0;;Sorts de Clerc du 2e niveau | Sorts de Clerc du 3e niveau | Sorts de Clerc du 4e niveau | Sorts de Clerc du 5e niveau | Sorts de Clerc du 6e niveau
WhatsApp Image 2026-07-09 at 10.02.02.jpeg;;73;;bon;0;0;0;;Sorts de Clerc du 7e niveau | Sorts de Clerc du 8e niveau | Sorts de Clerc du 9e niveau | Sous-classes de Clerc | Domaine de la Guerre | Frappe guidee | Pretre de guerre | Sorts du Domaine de la Guerre
WhatsApp Image 2026-07-09 at 10.02.02 (1).jpeg;;74;;bon;0;0;0;;Benediction du dieu de la guerre | Avatar de la bataille | Domaine de la Lumiere | Eclat protecteur | Radiance de l'Aube | Sorts du Domaine de la Lumiere
WhatsApp Image 2026-07-09 at 10.02.02 (2).jpeg;;75;;bon;0;0;0;;Sorts du Domaine de la Lumiere | Eclat protecteur ameliore | Aureole | Domaine de la Ruse | Faveur du filou
WhatsApp Image 2026-07-09 at 10.02.03.jpeg;;76;;bon;0;0;0;;Invocation de replique | Sorts du Domaine de la Ruse | Troc du filou | Replique amelioree
WhatsApp Image 2026-07-09 at 10.02.03 (1).jpeg;;77;;bon;0;0;0;;Domaine de la Vie | Disciple de la Vie | Sorts du Domaine de la Vie | Survivance | Guerisseur beni | Guerison supreme
WhatsApp Image 2026-07-09 at 10.02.03 (2).jpeg;;79;;bon;0;0;0;;Traits de base du Druide | Aptitudes de classe du Druide | Sorts | Devenir Druide
WhatsApp Image 2026-07-09 at 10.02.03 (3).jpeg;;80;;bon;0;0;0;;Aptitudes du Druide | Druidique | Ordre primitif | Compagnon sauvage | Forme sauvage
WhatsApp Image 2026-07-09 at 10.02.04.jpeg;;81;;bon;0;0;0;;Formes de bete | Sous-classe de Druide | Amelioration de caracteristique | Regain sauvage | Fureur elementaire | Fureur elementaire amelioree | Incantation animale | Faveur epique
WhatsApp Image 2026-07-09 at 10.02.04 (1).jpeg;;82;;bon;0;0;0;;Archidruide | Liste des sorts de Druide | Sorts mineurs | Sorts de Druide du 1er niveau
WhatsApp Image 2026-07-09 at 10.02.04 (2).jpeg;;83;;bon;0;0;0;;Sorts de Druide du 2e niveau | Sorts de Druide du 3e niveau | Sorts de Druide du 4e niveau | Sorts de Druide du 5e niveau
WhatsApp Image 2026-07-09 at 10.02.05.jpeg;;84;;bon;0;0;0;;Sorts de Druide du 6e niveau | Sorts de Druide du 7e niveau | Sorts de Druide du 8e niveau | Sorts de Druide du 9e niveau | Sous-classes de Druide | Cercle des Astres | Carte stellaire | Forme stellaire
WhatsApp Image 2026-07-09 at 10.02.05 (1).jpeg;;85;;bon;0;0;0;;Presage cosmique | Constellations scintillantes | Plenitude stellaire
WhatsApp Image 2026-07-09 at 10.02.05 (2).jpeg;;86;;bon;0;0;0;;Cercle de la Lune | Formes du cercle | Sorts du Cercle de la Lune | Formes du cercle ameliores
WhatsApp Image 2026-07-09 at 10.02.06.jpeg;;87;;bon;0;0;0;;Foulee selene | Forme lunaire | Cercle des Mers | Courroux des mers | Sorts du Cercle des Mers | Affinite aquatique | Enfant de la tempete
WhatsApp Image 2026-07-09 at 10.02.06 (1).jpeg;;88;;bon;0;0;0;;Offrande oceanique | Cercle de la Terre | Aval de la terre | Sorts du Cercle de la Terre | Terres arides | Terres polaires
WhatsApp Image 2026-07-09 at 10.02.06 (2).jpeg;;89;;bon;0;0;0;;Terres temperees | Terres tropicales | Ressourcement | Protege de dame Nature | Sanctuaire de dame Nature
WhatsApp Image 2026-07-09 at 10.02.07.jpeg;;91;;bon;0;0;0;;Traits de base de l'Ensorceleur | Devenir Ensorceleur | Aptitudes de classe de l'Ensorceleur | Sorts
WhatsApp Image 2026-07-09 at 10.02.07 (1).jpeg;;92;;bon;0;0;0;;Aptitudes de l'Ensorceleur | Sorcellerie innee | Metamagie | Reserve arcanique
WhatsApp Image 2026-07-09 at 10.02.07 (2).jpeg;;93;;bon;0;0;0;;Sous-classe d'Ensorceleur | Amelioration de caracteristique | Restauration ensorcelee | Sorcellerie incarnee | Faveur epique | Apotheose arcanique | Creation d'emplacements de sort | Options de Metamagie | Sort accelere | Sort ample | Sort chercheur
WhatsApp Image 2026-07-09 at 10.02.08.jpeg;;94;;bon;0;0;0;;Sort etendu | Sort intensifie | Sort jumeau | Sort prevenant | Sort renforce | Sort subtil | Sort transmute | Liste des sorts d'Ensorceleur
WhatsApp Image 2026-07-09 at 10.02.08 (1).jpeg;;95;;bon;0;0;0;;Sorts mineurs | Sorts d'Ensorceleur du 1er niveau | Sorts d'Ensorceleur du 2e niveau | Sorts d'Ensorceleur du 3e niveau
WhatsApp Image 2026-07-09 at 10.02.08 (2).jpeg;;96;;bon;0;0;0;;Sorts d'Ensorceleur du 4e niveau | Sorts d'Ensorceleur du 5e niveau | Sorts d'Ensorceleur du 6e niveau | Sorts d'Ensorceleur du 7e niveau | Sorts d'Ensorceleur du 8e niveau | Sorts d'Ensorceleur du 9e niveau
WhatsApp Image 2026-07-09 at 10.02.09.jpeg;;97;;bon;0;0;0;;Sous-classes d'Ensorceleur | Sorcellerie aberrante | Sorts psioniques | Discours telepathique
WhatsApp Image 2026-07-09 at 10.02.09 (1).jpeg;;98;;bon;0;0;0;;DEFENSES PSYCHIQUES | SORCELLERIE PSIONIQUE | REVELATION INCARNEE | DISTORSION IMPLOSIVE | SORCELLERIE DRACONIQUE | RESISTANCE DRACONIQUE | SORTS DRACONIQUES | AFFINITE ELEMENTAIRE | AILES DRACONIQUES
WhatsApp Image 2026-07-09 at 10.02.09 (2).jpeg;;99;;bon;0;0;0;;COMPAGNON DRACONIQUE | SORCELLERIE MECANIQUE | EQUILIBRE RESTAURE | SORTS MECANIQUES
WhatsApp Image 2026-07-09 at 10.02.09 (3).jpeg;;100;;bon;0;0;0;;MANIFESTATIONS DE L'ORDRE | BASTION DE LOI | TRANSE HARMONIQUE | CHEVAUCHEE MECANIQUE
WhatsApp Image 2026-07-09 at 10.02.10.jpeg;;101;;bon;0;0;0;;SORCELLERIE SAUVAGE | BOUFFEE DE SORCELLERIE SAUVAGE | MAREE DU CHAOS | COMME PAR HASARD | CHAOS CONTROLE | BOUFFEE DOMPTEE
WhatsApp Image 2026-07-09 at 10.02.10 (1).jpeg;;102;;bon;0;0;0;;BOUFFEE DE SORCELLERIE SAUVAGE
WhatsApp Image 2026-07-09 at 10.02.10 (2).jpeg;;103;;bon;0;0;0;;BOUFFEE DE SORCELLERIE SAUVAGE | L'ENSORCELEUSE DELINA
WhatsApp Image 2026-07-09 at 10.02.10 (3).jpeg;;105;;bon;0;0;0;;TRAITS DE BASE DU GUERRIER | APTITUDES DE CLASSE DU GUERRIER | BOTTES D'ARME | SECOND SOUFFLE | STYLE DE COMBAT | FOUGUE | SENS TACTIQUE
WhatsApp Image 2026-07-09 at 10.02.11.jpeg;;106;;bon;0;0;0;;APTITUDES DU GUERRIER | SOUS-CLASSE DE GUERRIER | AMELIORATION DE CARACTERISTIQUE | ATTAQUE SUPPLEMENTAIRE | DECALAGE TACTIQUE | BOTTE TACTIQUE | INFLEXIBLE | DOUBLE ATTAQUE SUPPLEMENTAIRE | ATTAQUES AVISEES | FAVEUR EPIQUE | TRIPLE ATTAQUE SUPPLEMENTAIRE
WhatsApp Image 2026-07-09 at 10.02.11 (1).jpeg;;107;;bon;0;0;0;;SOUS-CLASSES DE GUERRIER | CHAMPION | ATHLETE ACCOMPLI | CRITIQUE AMELIORE | STYLE DE COMBAT SUPPLEMENTAIRE | HEROS DU CHAMP D'HONNEUR | CRITIQUE SUPERIEUR | SURVIVANT
WhatsApp Image 2026-07-09 at 10.02.11 (2).jpeg;;108;;bon;0;0;0;;CHEVALIER OCCULTE | ARME OCCULTE | SORTS
WhatsApp Image 2026-07-09 at 10.02.11 (3).jpeg;;109;;bon;0;0;0;;SORTS DU CHEVALIER OCCULTE
WhatsApp Image 2026-07-09 at 10.02.12.jpeg;;110;;bon;0;0;0;;MAGIE DE GUERRE | FRAGILISATION OCCULTE | CHARGE ARCANIQUE | MAGIE DE GUERRE AMELIOREE | MAITRE DE GUERRE | DISCIPLE MARTIAL | SUPERIORITE MARTIALE
WhatsApp Image 2026-07-09 at 10.02.12 (1).jpeg;;111;;bon;0;0;0;;OBSERVATION DE L'ENNEMI | SUPERIORITE MARTIALE AMELIOREE | IMPLACABLE | SUPERIORITE MARTIALE ULTIME | OPTIONS DE MANOEUVRE
WhatsApp Image 2026-07-09 at 10.02.12 (2).jpeg;;112;;bon;0;0;0;;SOLDAT PSI | POUVOIR PSIONIQUE | DES D'ENERGIE PSIONIQUE DU SOLDAT PSI
WhatsApp Image 2026-07-09 at 10.02.12 (3).jpeg;;113;;bon;0;0;0;;ADEPTE TELEKINETIQUE | ESPRIT BLINDE | REMPART DE FORCE | MAITRE TELEKINETIQUE
WhatsApp Image 2026-07-09 at 10.02.13.jpeg;;115;;bon;0;0;0;;TRAITS DE BASE DU MAGICIEN | APTITUDES DE CLASSE DU MAGICIEN | SORTS
WhatsApp Image 2026-07-09 at 10.02.13 (1).jpeg;;116;;bon;0;0;0;;APTITUDES DU MAGICIEN | RESTAURATION MAGIQUE | SAVOIR RITUEL | ERUDITION
WhatsApp Image 2026-07-09 at 10.02.14.jpeg;;117;;bon;0;0;0;;ETOFFER ET REMPLACER SON GRIMOIRE | SOUS-CLASSE DE MAGICIEN | AMELIORATION DE CARACTERISTIQUE | MEMORISATION DE SORT | MAITRISE DES SORTS | FAVEUR EPIQUE | SORTS DE PREDILECTION | LA REINE ELFE YOLANE
WhatsApp Image 2026-07-09 at 10.02.14 (1).jpeg;;118;;bon;0;0;0;;LISTE DES SORTS DE MAGICIEN | SORTS MINEURS | SORTS DE MAGICIEN DU 1ER NIVEAU | SORTS DE MAGICIEN DU 2E NIVEAU
WhatsApp Image 2026-07-09 at 10.02.14 (2).jpeg;;119;;bon;0;0;0;;SORTS DE MAGICIEN DU 3E NIVEAU | SORTS DE MAGICIEN DU 4E NIVEAU
WhatsApp Image 2026-07-09 at 10.02.14 (3).jpeg;;120;;bon;0;0;0;;SORTS DE MAGICIEN DU 5E NIVEAU | SORTS DE MAGICIEN DU 6E NIVEAU | SORTS DE MAGICIEN DU 7E NIVEAU
WhatsApp Image 2026-07-09 at 10.02.15.jpeg;;121;;bon;0;0;0;;SORTS DE MAGICIEN DU 8E NIVEAU | SORTS DE MAGICIEN DU 9E NIVEAU | LE MAGICIEN LEOMUND
WhatsApp Image 2026-07-09 at 10.02.15 (1).jpeg;;122;;bon;0;0;0;;SOUS-CLASSES DE MAGICIEN | ABJURATEUR | ABJURATEUR ERUDIT | EGIDE ARCANIQUE | EGIDE PROJETEE
WhatsApp Image 2026-07-09 at 10.02.15 (2).jpeg;;123;;bon;0;0;0;;BRISEUR DE SORTS | RESISTANCE AUX SORTS | DEVIN | DEVIN ERUDIT | PRESAGE | DIVINATION EXPERTE | TROISIEME OEIL | PRESAGE RENFORCE
WhatsApp Image 2026-07-09 at 10.02.16.jpeg;;124;;bon;0;0;0;;EVOCATEUR | EVOCATEUR ERUDIT | SORT MINEUR APPUYE | FACONNEUR DE SORTS | EVOCATION AMELIOREE | SURCHARGE MAGIQUE
WhatsApp Image 2026-07-09 at 10.02.16 (1).jpeg;;125;;bon;0;0;0;;ILLUSIONNISTE | ILLUSIONNISTE ERUDIT | ILLUSIONS AMELIOREES | CREATURES FANTASMAGORIQUES | CALQUE ILLUSOIRE | REALITE CHIMERIQUE
WhatsApp Image 2026-07-09 at 10.02.16 (2).jpeg;;127;;bon;0;0;0;;TRAITS DE BASE DU MOINE | APTITUDES DE CLASSE DU MOINE | ARTS MARTIAUX | DEFENSE SANS ARMURE | CREDO DU MOINE
WhatsApp Image 2026-07-09 at 10.02.16 (3).jpeg;;128;;bon;0;0;0;;APTITUDES DU MOINE | DEPLACEMENT SANS ARMURE | METABOLISME SURNATUREL | DEVIATION D'ASSAUT
WhatsApp Image 2026-07-09 at 10.02.16 (4).jpeg;;129;;bon;0;0;0;;Moine
WhatsApp Image 2026-07-09 at 10.02.17.jpeg;;130;;bon;0;0;0;;Sous-classes de Moine | Credo des Elements
WhatsApp Image 2026-07-09 at 10.02.17 (1).jpeg;;131;;bon;0;0;0;;Credo de la Misericorde
WhatsApp Image 2026-07-09 at 10.02.17 (2).jpeg;;132;;bon;0;0;0;;Credo de l'Ombre
WhatsApp Image 2026-07-09 at 10.02.17 (3).jpeg;;133;;bon;0;0;0;;Credo de la Paume
WhatsApp Image 2026-07-09 at 10.02.18.jpeg;;135;;bon;0;0;0;;Occultiste
WhatsApp Image 2026-07-09 at 10.02.18 (1).jpeg;;136;;bon;0;0;0;;Aptitudes de l'Occultiste | Magie de pacte | Manifestations occultes | Rouerie magique | Sous-classe d'Occultiste
WhatsApp Image 2026-07-09 at 10.02.18 (2).jpeg;;137;;bon;0;0;0;;Options de Manifestation occulte | Armure d'ombres | Buveuse de vie | Decharge dechirante | Decharge repulsive | Engagement du maitre des chaines | Enseignement des Premiers-Nes | Esprit occulte
WhatsApp Image 2026-07-09 at 10.02.18 (3).jpeg;;138;;bon;0;0;0;;Frappe occulte | Lame assoiffee | Lame devorante | Lance occulte | Maitre des formes | Maitre des ombres | Mille visages | Murmures de la tombe | Pacte de la chaine | Pacte du grimoire | Pacte de la lame | Pas aerien | Perception transferee
WhatsApp Image 2026-07-09 at 10.02.19.jpeg;;139;;bon;0;0;0;;Visions embrumees | Present des profondeurs | Present des sauveurs | Royaumes lointains | Saut d'outre-monde | Vigueur fielonne | Vision du diable | Vision sorciere | Liste des sorts d'Occultiste
WhatsApp Image 2026-07-09 at 10.02.19 (1).jpeg;;140;;bon;0;0;0;;Sorts d'Occultiste
WhatsApp Image 2026-07-09 at 10.02.19 (2).jpeg;;141;;bon;0;0;0;;Sous-classes d'Occultiste | Protecteur Archifee
WhatsApp Image 2026-07-09 at 10.02.19 (3).jpeg;;142;;bon;0;0;0;;Sorts de l'Archifee | Protecteur Celeste
WhatsApp Image 2026-07-09 at 10.02.20.jpeg;;143;;bon;0;0;0;;Protecteur Celeste | Protecteur Fielon
WhatsApp Image 2026-07-09 at 10.02.20 (1).jpeg;;144;;bon;0;0;0;;Protecteur Grand Ancien
WhatsApp Image 2026-07-09 at 10.02.20 (2).jpeg;;145;;bon;0;0;0;;Sorts du Grand Ancien
WhatsApp Image 2026-07-09 at 10.02.20 (3).jpeg;;147;;bon;0;0;0;;Paladin
WhatsApp Image 2026-07-09 at 10.02.21.jpeg;;148;;bon;0;0;0;;Aptitudes du Paladin | Chatiment de paladin | Style de combat | Conduit divin
WhatsApp Image 2026-07-09 at 10.02.21 (1).jpeg;;149;;bon;0;0;0;;Rompre votre serment | Sous-classe de Paladin | Attaque supplementaire | Fidele destrier | Aura de protection | Abjuration d'ennemis | Aura de courage | Frappes radiantes | Toucher reparateur | Aura etendue | Faveur epique
WhatsApp Image 2026-07-09 at 10.02.21 (2).jpeg;;150;;bon;0;0;0;;Liste des sorts de Paladin
WhatsApp Image 2026-07-09 at 10.02.21 (3).jpeg;;151;;bon;0;0;0;;Sous-classes de Paladin | Serment des Anciens
WhatsApp Image 2026-07-09 at 10.02.22.jpeg;;152;;bon;0;0;0;;Aura de garde | Sentinelle imperissable | Champion des Anciens | Serment de Devotion
WhatsApp Image 2026-07-09 at 10.02.22 (1).jpeg;;153;;bon;0;0;0;;Serment de Devotion | Arme sacree | Aura de devotion | Serment de Gloire
WhatsApp Image 2026-07-09 at 10.02.22 (2).jpeg;;154;;bon;0;0;0;;Serment de Gloire | Serment de Vengeance
WhatsApp Image 2026-07-09 at 10.02.22 (3).jpeg;;155;;bon;0;0;0;;Sorts du Serment de Vengeance | Voeu d'hostilite | Vengeur implacable | Esprit de la vengeance | Ange vengeur
WhatsApp Image 2026-07-09 at 10.02.23.jpeg;;157;;bon;0;0;0;;Rodeur
WhatsApp Image 2026-07-09 at 10.02.23 (1).jpeg;;158;;bon;0;0;0;;Aptitudes du Rodeur | Ennemi jure | Fin explorateur | Style de combat | Sous-classe de Rodeur | Attaque supplementaire | Arpenteur
WhatsApp Image 2026-07-09 at 10.02.23 (2).jpeg;;159;;bon;0;0;0;;Expertise | Infatigable | Chasseur implacable | Voile de la nature | Chasseur precis | Sens sauvages | Tueur implacable | Liste des sorts de Rodeur
WhatsApp Image 2026-07-09 at 10.02.23 (3).jpeg;;160;;bon;0;0;0;;SOUS-CLASSES DE RODEUR | BELLUAIRE
WhatsApp Image 2026-07-09 at 10.02.24.jpeg;;161;;bon;0;0;0;;BETE DES CIEUX
WhatsApp Image 2026-07-09 at 10.02.24 (1).jpeg;;162;;bon;0;0;0;;BETE DES MERS | BETE DES TERRES | CHASSEUR
WhatsApp Image 2026-07-09 at 10.02.24 (2).jpeg;;163;;bon;0;0;0;;TRAQUEUR DES TENEBRES
WhatsApp Image 2026-07-09 at 10.04.01.jpeg;;164;;bon;0;0;0;;VAGABOND FEERIQUE
WhatsApp Image 2026-07-09 at 10.04.02.jpeg;;165;;bon;0;0;0;;PRESENTS DE FEERIE
WhatsApp Image 2026-07-09 at 10.04.02 (1).jpeg;;167;;bon;0;0;0;;TRAITS DE BASE DU ROUBLARD | APTITUDES DE CLASSE DU ROUBLARD
WhatsApp Image 2026-07-09 at 10.04.02 (2).jpeg;;168;;bon;0;0;0;;APTITUDES DU ROUBLARD
WhatsApp Image 2026-07-09 at 10.04.02 (3).jpeg;;169;;bon;0;0;0;;
WhatsApp Image 2026-07-09 at 10.04.03.jpeg;;170;;bon;0;0;0;;SOUS-CLASSES DE ROUBLARD | AME ACEREE
WhatsApp Image 2026-07-09 at 10.04.03 (1).jpeg;;171;;bon;0;0;0;;
WhatsApp Image 2026-07-09 at 10.04.03 (2).jpeg;;172;;bon;0;0;0;;ARNAQUEUR ARCANIQUE
WhatsApp Image 2026-07-09 at 10.04.03 (3).jpeg;;173;;bon;0;0;0;;SORTS DE L'ARNAQUEUR ARCANIQUE
WhatsApp Image 2026-07-09 at 10.04.04.jpeg;;174;;bon;0;0;0;;ASSASSIN
WhatsApp Image 2026-07-09 at 10.04.04 (1).jpeg;;175;;bon;0;0;0;;VOLEUR
WhatsApp Image 2026-07-09 at 10.04.04 (2).jpeg;;177;;bon;0;0;0;;ORIGINES DES PERSONNAGES
WhatsApp Image 2026-07-09 at 10.04.04 (3).jpeg;;176;;bon;0;0;0;;DESCRIPTION DES ESPECES | AASIMAR
WhatsApp Image 2026-07-09 at 10.04.05.jpeg;;187;;bon;0;0;0;;DRAKEIDE
WhatsApp Image 2026-07-09 at 10.04.05 (1).jpeg;;188;;bon;0;0;0;;ELFE
WhatsApp Image 2026-07-09 at 10.04.05 (2).jpeg;;189;;bon;0;0;0;;TRAITS DES ELFES | LIGNAGES ELFIQUES
WhatsApp Image 2026-07-09 at 10.04.05 (3).jpeg;;190;;bon;0;0;0;;GNOME
WhatsApp Image 2026-07-09 at 10.04.06.jpeg;;191;;bon;0;0;0;;GOLIATH
WhatsApp Image 2026-07-09 at 10.04.06 (1).jpeg;;192;;bon;0;0;0;;HALFELIN
WhatsApp Image 2026-07-09 at 10.04.06 (2).jpeg;;193;;bon;0;0;0;;HUMAIN
WhatsApp Image 2026-07-09 at 10.04.06 (3).jpeg;;194;;bon;0;0;0;;NAIN
WhatsApp Image 2026-07-09 at 10.04.07.jpeg;;195;;bon;0;0;0;;ORC
WhatsApp Image 2026-07-09 at 10.04.07 (1).jpeg;;196;;bon;0;0;0;;TIEFFELIN
WhatsApp Image 2026-07-09 at 10.04.07 (2).jpeg;;197;;bon;0;0;0;;TRAITS DES TIEFFELINS | HERITAGES FIELONS
docs/img/img Batch 4/WhatsApp Image 2026-07-09 at 16.31.33.jpeg;img Batch 4;4;;bon;1152;2048;448279;9f28239ea624e822879cf66bd74aec86;
docs/img/img Batch 4/WhatsApp Image 2026-07-09 at 16.31.33 (1).jpeg;img Batch 4;5;;bon;1152;2048;450767;a5052861037297044f4fd68fc1e76309;
docs/img/img Batch 4/WhatsApp Image 2026-07-09 at 16.31.33 (2).jpeg;img Batch 4;7;;bon;1152;2048;439562;a9038db5cc3cbd2bc1fb569bf0791c99;
docs/img/img Batch 4/WhatsApp Image 2026-07-09 at 16.31.33 (3).jpeg;img Batch 4;8;;bon;1152;2048;490472;f8ad8966087df33de93d71f46052ca77;
docs/img/img Batch 4/WhatsApp Image 2026-07-09 at 16.31.33 (4).jpeg;img Batch 4;9;;bon;1152;2048;433120;a4ffd1e0beee2baba9289a704905cd05;n de page absent mais sequence 9
docs/img/img Batch 4/WhatsApp Image 2026-07-09 at 16.31.34.jpeg;img Batch 4;10;;bon;1152;2048;428594;c7e7420a096ac8965e933b6b9a245965;
docs/img/img Batch 4/WhatsApp Image 2026-07-09 at 16.31.34 (1).jpeg;img Batch 4;11;;bon;1152;2048;376445;4c9e8e5252dc1ab800a4995249459129;
docs/img/img Batch 4/WhatsApp Image 2026-07-09 at 16.31.34 (2).jpeg;img Batch 4;12;;bon;1152;2048;452732;abb562c045749515c7b369f00e2dc7e8;
docs/img/img Batch 4/WhatsApp Image 2026-07-09 at 16.31.34 (3).jpeg;img Batch 4;13;;bon;1152;2048;388968;e7997efe1885e1d3f8db1d9b5d7aa3b9;
docs/img/img Batch 4/WhatsApp Image 2026-07-09 at 16.31.34 (4).jpeg;img Batch 4;14;;bon;1152;2048;394679;68891c373f85f3dccce5baee00f1a230;
docs/img/img Batch 4/WhatsApp Image 2026-07-09 at 16.31.35.jpeg;img Batch 4;15;;bon;1152;2048;412072;049bc93603aa55d82d4fb2ea733ca9d7;
docs/img/img Batch 4/WhatsApp Image 2026-07-09 at 16.31.35 (1).jpeg;img Batch 4;16;;moyen;1152;2048;397519;2bab088834f506deab18b5b0cf5a8f54;photo legerement de biais mais lisible
docs/img/img Batch 4/WhatsApp Image 2026-07-09 at 16.31.35 (2).jpeg;img Batch 4;17;;bon;1152;2048;411629;7b026ee905c688070f79bb707dc18d54;
docs/img/img Batch 4/WhatsApp Image 2026-07-09 at 16.31.35 (3).jpeg;img Batch 4;18;;bon;1152;2048;352657;6b6db8ef789227c0300707dc301a5a8f;n de page 18 partiellement coupe
docs/img/img Batch 4/WhatsApp Image 2026-07-09 at 16.31.35 (4).jpeg;img Batch 4;19;;bon;1152;2048;404068;cfd6f671fb39bb734915fb8b8e4fd0b5;
docs/img/img Batch 4/WhatsApp Image 2026-07-09 at 16.31.35 (5).jpeg;img Batch 4;20;;bon;1152;2048;420856;f4084d5cf0493d4d7ac49baf5041feff;n de page absent mais sequence 20
docs/img/img Batch 4/WhatsApp Image 2026-07-09 at 16.31.35 (6).jpeg;img Batch 4;21;;bon;1152;2048;392677;63cd16c42058a51e7c4b788d276724ac;
docs/img/img Batch 4/WhatsApp Image 2026-07-09 at 16.31.35 (7).jpeg;img Batch 4;22;;bon;1152;2048;388133;129b8e1f2b578fdcd1b88fe64b6b77a1;
docs/img/img Batch 4/WhatsApp Image 2026-07-09 at 16.31.35 (8).jpeg;img Batch 4;22;;bon;1152;2048;388133;129b8e1f2b578fdcd1b88fe64b6b77a1;doublon exact de la page 22
docs/img/img Batch 4/WhatsApp Image 2026-07-09 at 16.31.35 (9).jpeg;img Batch 4;23;;bon;1152;2048;358302;056ced7df650a94835e5582eba4752cd;
docs/img/img Batch 4/WhatsApp Image 2026-07-09 at 16.31.36.jpeg;img Batch 4;?;;bon;1152;2048;414434;31ff5b34fb8809a2e371172a2f20a69b;
docs/img/img Batch 4/WhatsApp Image 2026-07-09 at 16.31.36 (1).jpeg;img Batch 4;25;;bon;1152;2048;394838;73a9299e87a2ca0ca65c28ce850fc583;
docs/img/img Batch 4/WhatsApp Image 2026-07-09 at 16.31.36 (2).jpeg;img Batch 4;26;;bon;1152;2048;453147;cbd9f40ee9d9a3734c703e6c8dd5c811;
docs/img/img Batch 4/WhatsApp Image 2026-07-09 at 16.31.36 (3).jpeg;img Batch 4;27;;bon;1152;2048;328381;d4d2df292b9e80dec0c6762fad8cf767;
docs/img/img Batch 4/WhatsApp Image 2026-07-09 at 16.31.36 (4).jpeg;img Batch 4;28;;bon;1152;2048;434370;a30c7e7a9a65dd047cc518d818e59777;
docs/img/img Batch 4/WhatsApp Image 2026-07-09 at 16.31.36 (5).jpeg;img Batch 4;29;;bon;1152;2048;387403;7d5c23111c6b4f74312ae80f12f5d88a;
docs/img/img Batch 4/WhatsApp Image 2026-07-09 at 16.31.36 (6).jpeg;img Batch 4;?;;bon;1152;2048;415452;e01a9a686f2253895111fb5320fdff9e;
docs/img/img Batch 4/WhatsApp Image 2026-07-09 at 16.31.36 (7).jpeg;img Batch 4;31;;bon;1152;2048;360263;9182232eb8dec1e3ac473a3f0c09ec6a;
docs/img/img Batch 4/WhatsApp Image 2026-07-09 at 16.31.36 (8).jpeg;img Batch 4;36;;bon;1152;2048;474351;821984eb4927de58e0eabf2147ac488c;
docs/img/img Batch 4/WhatsApp Image 2026-07-09 at 16.31.37.jpeg;img Batch 4;37;;bon;1152;2048;372671;f6cbce5f6be08791ed2aeb1ca8d15f6c;Langues courantes | Langues rares
docs/img/img Batch 4/WhatsApp Image 2026-07-09 at 16.31.37 (1).jpeg;img Batch 4;?;;bon;1152;2048;400007;9520a91fe942d7720282c6a211d5c0be;
docs/img/img Batch 4/WhatsApp Image 2026-07-09 at 16.31.37 (2).jpeg;img Batch 4;39;;bon;1152;2048;378681;e77547dda38f8be1833cc0a2b9a6aee6;
docs/img/img Batch 4/WhatsApp Image 2026-07-09 at 16.31.37 (3).jpeg;img Batch 4;40;;bon;1152;2048;399383;c657640b97b36920da16f226864cb426;
docs/img/img Batch 4/WhatsApp Image 2026-07-09 at 16.31.37 (4).jpeg;img Batch 4;41;;bon;1152;2048;363690;5e800f379f46b10460e102485d2d30cd;
docs/img/img Batch 4/WhatsApp Image 2026-07-09 at 16.31.37 (5).jpeg;img Batch 4;42;;bon;1152;2048;389740;f6dd560230d1579f8b88df97ab07e218;
docs/img/img Batch 4/WhatsApp Image 2026-07-09 at 16.31.37 (6).jpeg;img Batch 4;43;;bon;1152;2048;374854;8244dd6342932e46ff123dac1ae30945;
docs/img/img Batch 4/WhatsApp Image 2026-07-09 at 16.31.37 (7).jpeg;img Batch 4;?;;bon;1152;2048;404000;0d1722c33ece5fdedb8a0d517399ea7b;
docs/img/img Batch 4/WhatsApp Image 2026-07-09 at 16.31.38.jpeg;img Batch 4;45;;bon;1152;2048;379867;cf4b7c1d9bf104a9ab4c3c7b64d35735;
docs/img/img Batch 4/WhatsApp Image 2026-07-09 at 16.31.38 (1).jpeg;img Batch 4;?;;bon;1152;2048;334765;c81eb6a4304f9b0fdd20368caef9d8cb;Babioles
docs/img/img Batch 4/WhatsApp Image 2026-07-09 at 16.31.38 (2).jpeg;img Batch 4;47;;bon;1152;2048;302548;897df0a4acf4c172748654cf9cf97160;Babioles
docs/img/img Batch 5/WhatsApp Image 2026-07-09 at 16.58.01.jpeg;img Batch 5;32;;bon net et lisible;1152;2048;408432;5dac2b145e919394d12d2938d1c9beac;illustration pleine page exploration heros a l entree d un temple en foret
docs/img/img Batch 5/WhatsApp Image 2026-07-09 at 16.58.01 (1).jpeg;img Batch 5;33;;bon texte net;1152;2048;426400;8e62ff363a6462d059344132bf510a6e;page de texte creation de personnage avec table apercu des classes
docs/img/img Batch 5/WhatsApp Image 2026-07-09 at 16.58.01 (2).jpeg;img Batch 5;?;;moyen page vierge legerement surexposee et inclinee numero de page absent;1152;2048;303828;c1b54ebc6373912edd0360a4d510a8dc;fiche de personnage vierge recto caracteristiques et competences
docs/img/img Batch 5/WhatsApp Image 2026-07-09 at 16.58.02.jpeg;img Batch 5;35;;moyen leger transparence du verso mais lisible;1152;2048;296685;951ec701ee1e166204f5f87977f94f83;fiche de personnage vierge verso sorts equipement et personnalite
docs/img/img Batch 6/WhatsApp Image 2026-07-09 at 18.48.11.jpeg;img Batch 6;274;;bon;1152;2048;455997;a071f6353c0a5b609d39f87f136391c5;sorts Deguisement Delivrance des maledictions Demi-plan Desintegration Detection invisibilite/magie
docs/img/img Batch 6/WhatsApp Image 2026-07-09 at 18.48.11 (1).jpeg;img Batch 6;275;;bon;1152;2048;426724;e77a975f1298b295f3c34241c51ada74;sorts Detection mal et bien/pensees/pieges/poison et maladies Discours captivant
docs/img/img Batch 6/WhatsApp Image 2026-07-09 at 18.48.12.jpeg;img Batch 6;135;;bon;1152;2048;460043;970d6ed226f37cdb054e16777b3e396c;Occultiste traits de base Magie de pacte devenir Occultiste
docs/img/img Batch 6/WhatsApp Image 2026-07-09 at 18.48.12 (1).jpeg;img Batch 6;136;;bon;1152;2048;429051;83c8ac24e8077d664269a5636ad257a8;table Aptitudes Occultiste Manifestations occultes Rouerie magique Sous-classe
docs/img/img Batch 6/WhatsApp Image 2026-07-09 at 18.48.13.jpeg;img Batch 6;137;;bon;1152;2048;430396;eca1a2f9b3ac7b131d3e0986bdf0fb9d;Occultiste niveaux 4-20 Options Manifestation occulte Armure ombres
docs/img/img Batch 6/WhatsApp Image 2026-07-09 at 18.48.13 (1).jpeg;img Batch 6;138;;bon;1152;2048;410906;3ad30fc40cc3d77fafbffbc2356c6937;Manifestations Frappe occulte Pacte du grimoire Pacte de la lame
docs/img/img Batch 6/WhatsApp Image 2026-07-09 at 18.48.13 (2).jpeg;img Batch 6;139;;bon;1152;2048;356082;64b9f8c5217c9620732efef9300ba0a5;fin manifestations Liste sorts Occultiste sorts mineurs et 1er niveau
docs/img/img Batch 6/WhatsApp Image 2026-07-09 at 18.48.13 (3).jpeg;img Batch 6;140;;bon;1152;2048;347693;63bdec4ef9e5d8f5c9d5af430a14b335;Sorts Occultiste 2e a 8e niveau (tables)
docs/img/img Batch 6/WhatsApp Image 2026-07-09 at 18.48.13 (4).jpeg;img Batch 6;141;;bon;1152;2048;388525;0e221b087318dd870703221c32f0b4c7;Sorts Occultiste 9e niveau Sous-classes Protecteur Archifee Foulee des fees
docs/img/img Batch 6/WhatsApp Image 2026-07-09 at 18.48.13 (5).jpeg;img Batch 6;142;;bon;1152;2048;412027;3fe3daf4025b2ac11f06a93e6341c788;Sorts de l'Archifee Echappatoire brumeuse Protecteur Celeste
docs/img/img Batch 6/WhatsApp Image 2026-07-09 at 18.48.13 (6).jpeg;img Batch 6;143;;bon;1152;2048;441235;5e549c062588b75908209c4d0f8fd6ed;Protecteur Celeste Lumiere guerisseuse Protecteur Fielon
docs/img/img Batch 6/WhatsApp Image 2026-07-09 at 18.48.14.jpeg;img Batch 6;144;;bon;1152;2048;421944;55e2658e9a2741128eb20edcce933577;Protecteur Fielon Traversee des enfers Protecteur Grand Ancien Esprit eveille
docs/img/img Batch 6/WhatsApp Image 2026-07-09 at 18.48.14 (1).jpeg;img Batch 6;145;;bon;1152;2048;361818;aa4c002df13b477f42822e9d6bd5f758;Sorts Grand Ancien Sorts psychiques Bouclier mental Malefice occulte
docs/img/img Batch 6/WhatsApp Image 2026-07-09 at 18.48.14 (2).jpeg;img Batch 6;146;;bon;1152;2048;449572;d2b782a0b0e2d3338f7786c68df3ec64;page-titre PALADIN Combattant vertueux sous serment sacre
docs/img/img Batch 6/WhatsApp Image 2026-07-09 at 18.48.14 (3).jpeg;img Batch 6;147;;bon;1152;2048;389037;2f4fef2c1f96f421b98bb15e8fd5afd7;Paladin traits de base Bottes d'arme Imposition des mains Sorts
docs/img/img Batch 6/WhatsApp Image 2026-07-09 at 18.48.14 (4).jpeg;img Batch 6;148;;bon;1152;2048;384859;0c64b1eb240db03cc6bed6ff032b5f00;table Aptitudes Paladin Chatiment Style de combat Conduit divin
docs/img/img Batch 6/WhatsApp Image 2026-07-09 at 18.48.14 (5).jpeg;img Batch 6;149;;bon;1152;2048;380785;d737e6710886b0f8eafaaa19afd56533;Paladin niveaux 3-19 Aura de protection Rompre votre serment
docs/img/img Batch 6/WhatsApp Image 2026-07-09 at 18.48.14 (6).jpeg;img Batch 6;150;;bon;1152;2048;344934;91311c2a24717371151b7a44e52db05d;Liste sorts Paladin 1er a 5e niveau (tables)
docs/img/img Batch 6/WhatsApp Image 2026-07-09 at 18.48.14 (7).jpeg;img Batch 6;151;;bon;1152;2048;386882;e3ab89a1a58df46c943f44db809a40f9;Sous-classes Paladin Serment des Anciens Courroux de la nature
docs/img/img Batch 6/WhatsApp Image 2026-07-09 at 18.48.15.jpeg;img Batch 6;152;;bon;1152;2048;380294;4b4601dfee908e5c3fd6d79e21bc0edb;Serment des Anciens niveaux 7-20 Serment de Devotion
docs/img/img Batch 6/WhatsApp Image 2026-07-09 at 18.48.15 (1).jpeg;img Batch 6;153;;bon;1152;2048;392730;7154c2e647dc5396d31a443277b4891e;Paladin - Serment de Devotion (Arme sacree, Aura de devotion, Nimbe sacre) et Serment de Gloire (Athlete d'exception, Chatiment d'exaltation)
docs/img/img Batch 6/WhatsApp Image 2026-07-09 at 18.48.15 (2).jpeg;img Batch 6;154;;bon;1152;2048;412862;c2df4981dc753dbb812fff2954d74e91;Paladin Serment de Gloire (Defense glorieuse, Legende vivante) et debut Serment de Vengeance
docs/img/img Batch 6/WhatsApp Image 2026-07-09 at 18.48.15 (3).jpeg;img Batch 6;155;;bon;1152;2048;364003;10a185073ac9402fd60fc33b1bb6fb85;Paladin Serment de Vengeance (Voeu d'hostilite, Vengeur implacable, Esprit de la vengeance, Ange vengeur)
docs/img/img Batch 6/WhatsApp Image 2026-07-09 at 18.48.15 (4).jpeg;img Batch 6;179;;bon;1152;2048;408698;c7ac22d500045c21c3fca7f05915d7a3;Historiques Artiste et Charlatan
docs/img/img Batch 6/WhatsApp Image 2026-07-09 at 18.48.15 (5).jpeg;img Batch 6;220;;bon;1152;2048;424314;7973590a50b7f64a4c6d52d443828a8c;Outils, Maitrise d'outils, Outils d'artisan (Materiel d'alchimiste, brasseur, forgeron, etc.)
docs/img/img Batch 6/WhatsApp Image 2026-07-09 at 18.48.16.jpeg;img Batch 6;221;;bon;1152;2048;390169;c2db084cb40daaa10c7aff16f215cf32;Outils d'artisan (suite) et Autres outils (Instrument de musique, Materiel de contrefacon, Outils de voleur)
docs/img/img Batch 6/WhatsApp Image 2026-07-09 at 18.48.16 (1).jpeg;img Batch 6;222;;bon;1152;2048;375130;df3f004b696bf61ec78c1a9430e40a5a;Equipement d'aventurier (Acide, Antidote, Beaux habits, Belier portable, Billes, Boite a amadou)
docs/img/img Batch 6/WhatsApp Image 2026-07-09 at 18.48.16 (2).jpeg;img Batch 6;223;;bon;1152;2048;313589;a89d33469c1145fb8db52a0a574e3191;Table Equipement d'aventurier (objets, poids, prix)
docs/img/img Batch 6/WhatsApp Image 2026-07-09 at 18.48.16 (3).jpeg;img Batch 6;224;;bon;1152;2048;421996;19853ace1ac95975fa78e386588942a6;Objets d'aventurier (Bougie, Cadenas, Chaine, Corde, Costume, Eau benite, Echelle)
docs/img/img Batch 6/WhatsApp Image 2026-07-09 at 18.48.17.jpeg;img Batch 6;225;;bon;1152;2048;424700;0a715825350cc28e120ab35a8687c811;Feu gregeois, Filet, Focaliseur arcanique, Focaliseur druidique, Grappin, Huile
docs/img/img Batch 6/WhatsApp Image 2026-07-09 at 18.48.17 (1).jpeg;img Batch 6;226;;bon;1152;2048;451106;151bfbd7972ad9b0ec12a273881a9970;Huile (suite), Lampe, Lanternes, Livre, Loupe, Menottes, Miroir, Munitions
docs/img/img Batch 6/WhatsApp Image 2026-07-09 at 18.48.17 (2).jpeg;img Batch 6;227;;bon;1152;2048;429175;f6284006c9f164e4c2e96bcde88ae6b5;Palan, Paquetages (artiste, cambrioleur, diplomate, ecclesiastique, erudit, explorateur), Parchemin de sort, Piege a machoires
docs/img/img Batch 6/WhatsApp Image 2026-07-09 at 18.48.17 (3).jpeg;img Batch 6;228;;bon;1152;2048;392955;433a9c4c6b3e9e38d7ac65e5ddca6644;Poison standard, Potion de guerison, Rations, Sac a dos, Symbole sacre, Tente, Tenue de voyage
docs/img/img Batch 6/WhatsApp Image 2026-07-09 at 18.48.17 (4).jpeg;img Batch 6;229;;bon;1152;2048;383693;9c0a555cf4051c2672035ab09836575c;Tonneau, Torche, Trousse de soins, Montures et vehicules, Barde, Selles, tables Montures
docs/img/img Batch 6/WhatsApp Image 2026-07-09 at 18.48.17 (5).jpeg;img Batch 6;230;;bon;1152;2048;430812;d362b1ca54a95a43388e7913eda30b17;Vehicules de grande taille, Services, Train de vie, table Vehicules aeriens et bateaux
docs/img/img Batch 6/WhatsApp Image 2026-07-09 at 18.48.17 (6).jpeg;img Batch 6;231;;bon;1152;2048;395585;ee7fc3d2b073ae705eb4cac11823ccd6;Repas boisson et hebergement, Voyage, Employes
docs/img/img Batch 6/WhatsApp Image 2026-07-09 at 18.48.18.jpeg;img Batch 6;232;;bon;1152;2048;462586;528d0057ac4c083ebe46006d7242c5dc;Sorts (services d'incantation), Objets magiques, Identifier un objet magique, Harmonisation
docs/img/img Batch 6/WhatsApp Image 2026-07-09 at 18.48.18 (1).jpeg;img Batch 6;233;;bon;1152;2048;419125;6332a33782618ed52e14084e114c4195;Fabriquer de l'equipement, Fabrication d'objets non magiques, Ecrire des parchemins de sort, table Cout des parchemins
docs/img/img Batch 6/WhatsApp Image 2026-07-09 at 18.48.18 (2).jpeg;img Batch 6;80;;bon;1152;2048;285624;aa7e09891d9a33fe41f765ac7003868e;Druide - Druidique et Ordre primitif (Gardien, Mage)
docs/img/img Batch 6/WhatsApp Image 2026-07-09 at 18.48.18 (3).jpeg;img Batch 6;194;;bon;1152;2048;414471;79d10dc39b14f9b403b4af43ca7fdf8c;Espece Nain (description et Traits des nains)
docs/img/img Batch 6/WhatsApp Image 2026-07-09 at 18.48.18 (4).jpeg;img Batch 6;103;;bon;1152;2048;375154;3b4628ff134339195bf43b6a8fd2b69a;Sous-classes de Guerrier, Champion, Athlete accompli
docs/img/img Batch 6/WhatsApp Image 2026-07-09 at 18.48.18 (5).jpeg;img Batch 6;108;;bon;1152;2048;365341;6ce7d7cbf025a96da958cb3879f0935f;Chevalier occulte, Arme occulte, Sorts
docs/img/img Batch 6/WhatsApp Image 2026-07-09 at 18.48.18 (6).jpeg;img Batch 6;109;;bon;1152;2048;339641;eddfc60eebc6af0b59507cf67299d2d4;Sorts du Chevalier occulte (table emplacements)
docs/img/img Batch 6/WhatsApp Image 2026-07-09 at 18.48.19.jpeg;img Batch 6;110;;bon;1152;2048;393463;59aaf00989e5437e3bf980de04d93d2e;Magie de guerre, Fragilisation occulte, Maitre de guerre
docs/img/img Batch 6/WhatsApp Image 2026-07-09 at 18.48.19 (1).jpeg;img Batch 6;111;;bon;1152;2048;466653;4bf6647e1660cd05b54a60887e4ba331;Options de manoeuvre, Des de Superiorite
docs/img/img Batch 6/WhatsApp Image 2026-07-09 at 18.48.19 (2).jpeg;img Batch 6;112;;bon;1152;2048;454585;0f16d550e663815cf97db6e24aa9018b;Soldat psi, Pouvoir psionique, Des d'Energie psionique
docs/img/img Batch 6/WhatsApp Image 2026-07-09 at 18.48.19 (3).jpeg;img Batch 6;113;;bon;1152;2048;393204;18494431f1e1b0526a8d9ff3bee66518;Adepte telekinetique, Esprit blinde, Maitre telekinetique
docs/img/img Batch 6/WhatsApp Image 2026-07-09 at 18.48.19 (4).jpeg;img Batch 6;84;;bon;1152;2048;357678;1cc9b94f16fd76d86d5c8e6c6ccf29d6;Sous-classes de Druide, Cercle des Astres, Carte stellaire
docs/img/img Batch 6/WhatsApp Image 2026-07-09 at 18.48.19 (5).jpeg;img Batch 6;85;;bon;1152;2048;420777;9f7170de8188282c11f802d5a7d26292;Cercle des Astres: Archer/Calice/Dragon, Presage cosmique
docs/img/img Batch 6/WhatsApp Image 2026-07-09 at 18.48.20.jpeg;img Batch 6;86;;bon;1152;2048;358920;ee22fab6ffe6c8de1f6366b9a70be636;Cercle de la Lune, Formes du cercle, Sorts du cercle
docs/img/img Batch 6/WhatsApp Image 2026-07-09 at 18.48.20 (1).jpeg;img Batch 6;87;;bon;1152;2048;372819;6bd85eef0ba125d62e6f4ff16c42451d;Cercle des Mers, Courroux des mers, Foulee selene
docs/img/img Batch 6/WhatsApp Image 2026-07-09 at 18.48.20 (2).jpeg;img Batch 6;88;;bon;1152;2048;391904;ab8707df6227e3078f0479ca26c35e5f;Cercle de la Terre, Aval de la terre, Terres arides/polaires
docs/img/img Batch 6/WhatsApp Image 2026-07-09 at 18.48.20 (3).jpeg;img Batch 6;89;;bon;1152;2048;417144;e146fcbe8814f79a6c065372bc984d5c;Terres temperees/tropicales, Ressourcement, Protege de dame Nature
docs/img/img Batch 6/WhatsApp Image 2026-07-09 at 18.48.20 (4).jpeg;img Batch 6;160;;bon;1152;2048;386626;1213efe25b81946711d8d6a654c0c9cc;Sous-classes de Rodeur, Belluaire, Compagnon primitif
docs/img/img Batch 6/WhatsApp Image 2026-07-09 at 18.48.20 (5).jpeg;img Batch 6;161;;bon;1152;2048;424722;ebb5e68c661037d47f4a6e8378a09566;Coordination facilitee, Fureur bestiale, Bete des cieux
docs/img/img Batch 6/WhatsApp Image 2026-07-09 at 18.48.20 (6).jpeg;img Batch 6;162;;bon;1152;2048;404849;de3bf8bce84b0f4906c9cb9a9176a468;Bete des mers, Bete des terres, Chasseur, Proie du chasseur
docs/img/img Batch 6/WhatsApp Image 2026-07-09 at 18.48.20 (7).jpeg;img Batch 6;163;;bon;1152;2048;386369;313dda87773d478cb8e2a1d6fed5056d;Traqueur des tenebres, Embuscade effrayante, Vision ombreuse
docs/img/img Batch 6/WhatsApp Image 2026-07-09 at 18.48.20 (8).jpeg;img Batch 6;164;;bon;1152;2048;374576;19db4e48fc54af36573ad1283bc0b760;Rafale du traqueur, Esquive des ombres, Vagabond feerique, Charme mystique
docs/img/img Batch 6/WhatsApp Image 2026-07-09 at 18.48.21.jpeg;img Batch 6;165;;bon;1152;2048;431625;7a9a33e86df099785319b0168c3ea82e;Vagabond feerique: Presents de Feerie, Fascination detournee, Vagabond des brumes
