page;file;approx;quality;wh;entities
4;docs/img/img Batch 4/WhatsApp Image 2026-07-09 at 16.31.33.jpeg;;bon;1152x2048;
5;docs/img/img Batch 4/WhatsApp Image 2026-07-09 at 16.31.33 (1).jpeg;;bon;1152x2048;
7;docs/img/img Batch 4/WhatsApp Image 2026-07-09 at 16.31.33 (2).jpeg;;bon;1152x2048;
8;docs/img/img Batch 4/WhatsApp Image 2026-07-09 at 16.31.33 (3).jpeg;;bon;1152x2048;
9;docs/img/img Batch 4/WhatsApp Image 2026-07-09 at 16.31.33 (4).jpeg;;bon;1152x2048;n de page absent mais sequence 9
10;docs/img/img Batch 4/WhatsApp Image 2026-07-09 at 16.31.34.jpeg;;bon;1152x2048;
11;docs/img/img Batch 4/WhatsApp Image 2026-07-09 at 16.31.34 (1).jpeg;;bon;1152x2048;
12;docs/img/img Batch 4/WhatsApp Image 2026-07-09 at 16.31.34 (2).jpeg;;bon;1152x2048;
13;docs/img/img Batch 4/WhatsApp Image 2026-07-09 at 16.31.34 (3).jpeg;;bon;1152x2048;
14;docs/img/img Batch 4/WhatsApp Image 2026-07-09 at 16.31.34 (4).jpeg;;bon;1152x2048;
15;docs/img/img Batch 4/WhatsApp Image 2026-07-09 at 16.31.35.jpeg;;bon;1152x2048;
16;docs/img/img Batch 4/WhatsApp Image 2026-07-09 at 16.31.35 (1).jpeg;;moyen;1152x2048;photo legerement de biais mais lisible
17;docs/img/img Batch 4/WhatsApp Image 2026-07-09 at 16.31.35 (2).jpeg;;bon;1152x2048;
18;docs/img/img Batch 4/WhatsApp Image 2026-07-09 at 16.31.35 (3).jpeg;;bon;1152x2048;n de page 18 partiellement coupe
19;docs/img/img Batch 4/WhatsApp Image 2026-07-09 at 16.31.35 (4).jpeg;;bon;1152x2048;
20;docs/img/img Batch 4/WhatsApp Image 2026-07-09 at 16.31.35 (5).jpeg;;bon;1152x2048;n de page absent mais sequence 20
21;docs/img/img Batch 4/WhatsApp Image 2026-07-09 at 16.31.35 (6).jpeg;;bon;1152x2048;
22;docs/img/img Batch 4/WhatsApp Image 2026-07-09 at 16.31.35 (7).jpeg;;bon;1152x2048;
23;docs/img/img Batch 4/WhatsApp Image 2026-07-09 at 16.31.35 (9).jpeg;;bon;1152x2048;
24;docs/img/img Batch 4/WhatsApp Image 2026-07-09 at 16.31.36.jpeg;approx;bon;1152x2048;
25;docs/img/img Batch 4/WhatsApp Image 2026-07-09 at 16.31.36 (1).jpeg;;bon;1152x2048;
26;docs/img/img Batch 4/WhatsApp Image 2026-07-09 at 16.31.36 (2).jpeg;;bon;1152x2048;
27;docs/img/img Batch 4/WhatsApp Image 2026-07-09 at 16.31.36 (3).jpeg;;bon;1152x2048;
28;docs/img/img Batch 4/WhatsApp Image 2026-07-09 at 16.31.36 (4).jpeg;;bon;1152x2048;
29;docs/img/img Batch 4/WhatsApp Image 2026-07-09 at 16.31.36 (5).jpeg;;bon;1152x2048;
30;docs/img/img Batch 4/WhatsApp Image 2026-07-09 at 16.31.36 (6).jpeg;approx;bon;1152x2048;
31;docs/img/img Batch 4/WhatsApp Image 2026-07-09 at 16.31.36 (7).jpeg;;bon;1152x2048;
32;docs/img/img Batch 5/WhatsApp Image 2026-07-09 at 16.58.01.jpeg;;bon net et lisible;1152x2048;illustration pleine page exploration heros a l entree d un temple en foret
33;docs/img/img Batch 5/WhatsApp Image 2026-07-09 at 16.58.01 (1).jpeg;;bon texte net;1152x2048;page de texte creation de personnage avec table apercu des classes
34;docs/img/img Batch 5/WhatsApp Image 2026-07-09 at 16.58.01 (2).jpeg;approx;moyen page vierge legerement surexposee et inclinee numero de page absent;1152x2048;fiche de personnage vierge recto caracteristiques et competences
35;docs/img/img Batch 5/WhatsApp Image 2026-07-09 at 16.58.02.jpeg;;moyen leger transparence du verso mais lisible;1152x2048;fiche de personnage vierge verso sorts equipement et personnalite
36;docs/img/img Batch 4/WhatsApp Image 2026-07-09 at 16.31.36 (8).jpeg;;bon;1152x2048;
37;docs/img/img Batch 4/WhatsApp Image 2026-07-09 at 16.31.37.jpeg;;bon;1152x2048;Langues courantes | Langues rares
38;docs/img/img Batch 4/WhatsApp Image 2026-07-09 at 16.31.37 (1).jpeg;approx;bon;1152x2048;
39;docs/img/img Batch 4/WhatsApp Image 2026-07-09 at 16.31.37 (2).jpeg;;bon;1152x2048;
40;docs/img/img Batch 4/WhatsApp Image 2026-07-09 at 16.31.37 (3).jpeg;;bon;1152x2048;
41;docs/img/img Batch 4/WhatsApp Image 2026-07-09 at 16.31.37 (4).jpeg;;bon;1152x2048;
42;docs/img/img Batch 4/WhatsApp Image 2026-07-09 at 16.31.37 (5).jpeg;;bon;1152x2048;
43;docs/img/img Batch 4/WhatsApp Image 2026-07-09 at 16.31.37 (6).jpeg;;bon;1152x2048;
44;docs/img/img Batch 4/WhatsApp Image 2026-07-09 at 16.31.37 (7).jpeg;approx;bon;1152x2048;
45;docs/img/img Batch 4/WhatsApp Image 2026-07-09 at 16.31.38.jpeg;;bon;1152x2048;
46;docs/img/img Batch 4/WhatsApp Image 2026-07-09 at 16.31.38 (1).jpeg;approx;bon;1152x2048;Babioles
47;docs/img/img Batch 4/WhatsApp Image 2026-07-09 at 16.31.38 (2).jpeg;;bon;1152x2048;Babioles
53;WhatsApp Image 2026-07-09 at 09.56.49.jpeg;;bon;0x0;INSTINCT SAUVAGE | COUP BRUTAL | RAGE IMPLACABLE | COUP BRUTAL AMELIORE | RAGE PERSISTANTE | PUISSANCE INDOMPTABLE | FAVEUR EPIQUE | CHAMPION PRIMITIF
54;WhatsApp Image 2026-07-09 at 10.01.57.jpeg;;bon;0x0;SOUS-CLASSE DE BARBARE | VOIE DE L'ARBRE-MONDE | VITALITE DE L'ARBRE | BRANCHES DE L'ARBRE | ROSSEE DE RACINES | VOYAGE AU GRE DE L'ARBRE
55;WhatsApp Image 2026-07-09 at 10.01.57 (1).jpeg;;bon;0x0;VOIE DU BERSERKER | FRENESIE | RAGE AVEUGLE | REPRESAILLES | PRESENCE INTIMIDANTE
56;WhatsApp Image 2026-07-09 at 10.01.57 (2).jpeg;approx;moyen numero de page non visible;0x0;VOIE DU COEUR SAUVAGE | ORATEUR ANIMAL | RAGE DU PREDATEUR | ASPECT DE FAUNE | ORATEUR DE LA NATURE | PUISSANCE DE LA FAUNE
57;WhatsApp Image 2026-07-09 at 10.01.58.jpeg;;bon;0x0;VOIE DU ZELATEUR | FUREUR DIVINE | SOLDAT DES DIEUX | DETERMINATION FANATIQUE | PRESENCE ZELEE | RAGE DES DIEUX
59;WhatsApp Image 2026-07-09 at 10.01.58 (1).jpeg;;bon;0x0;TRAITS DE BASE DU BARDE | BARDE | APTITUDES DE CLASSE DU BARDE | INSPIRATION BARDIQUE | SORTS
60;WhatsApp Image 2026-07-09 at 10.01.58 (2).jpeg;;bon;0x0;APTITUDES DU BARDE | EXPERTISE | TOUCHE-A-TOUT | SOUS-CLASSE DE BARDE
61;WhatsApp Image 2026-07-09 at 10.01.59.jpeg;approx;moyen numero de page non visible;0x0;LE REPERTOIRE DU BARDE | AMELIORATION DE CARACTERISTIQUE | SOURCE D'INSPIRATION | CONTRE-CHARME | SECRETS MAGIQUES | INSPIRATION SUPERIEURE | FAVEUR EPIQUE | VERBE DE LA CREATION
62;WhatsApp Image 2026-07-09 at 10.01.59 (1).jpeg;;bon;0x0;LISTE DES SORTS DE BARDE | SORTS MINEURS | SORTS DE BARDE DU 1ER NIVEAU | SORTS DE BARDE DU 2E NIVEAU | SORTS DE BARDE DU 3E NIVEAU
63;WhatsApp Image 2026-07-09 at 10.01.59 (2).jpeg;;bon;0x0;SORTS DE BARDE DU 4E NIVEAU | SORTS DE BARDE DU 5E NIVEAU | SORTS DE BARDE DU 6E NIVEAU | SORTS DE BARDE DU 7E NIVEAU | SORTS DE BARDE DU 8E NIVEAU | SORTS DE BARDE DU 9E NIVEAU
64;WhatsApp Image 2026-07-09 at 10.01.59 (3).jpeg;;bon;0x0;SOUS-CLASSES DE BARDE | COLLEGE DE LA DANSE | PIROUETTES EBLOUISSANTES | DEPLACEMENT EXALTANT | PIROUETTES COORDONNEES
65;WhatsApp Image 2026-07-09 at 10.02.00.jpeg;;bon;0x0;ESQUIVE CAVALIERE | COLLEGE DU SAVOIR | MAITRISES SUPPLEMENTAIRES | MOTS CINGLANTS | DECOUVERTES MAGIQUES | COMPETENCE HORS PAIR
66;WhatsApp Image 2026-07-09 at 10.02.00 (1).jpeg;;bon;0x0;COLLEGE DE LA SEDUCTION | MAGIE ENVOUTANTE | MANTE D'INSPIRATION | MANTE DE MAJESTE
67;WhatsApp Image 2026-07-09 at 10.02.00 (2).jpeg;;bon;0x0;Majeste souveraine | College de la Vaillance | Formation martiale | Inspiration martiale | Attaque supplementaire | Magie de guerre
69;WhatsApp Image 2026-07-09 at 10.02.01.jpeg;;bon;0x0;Traits de base du Clerc | Aptitudes de classe du Clerc | Sorts | Devenir Clerc
70;WhatsApp Image 2026-07-09 at 10.02.01 (1).jpeg;;bon;0x0;Aptitudes du Clerc | Ordre divin | Conduit divin | Sous-classe de Clerc
71;WhatsApp Image 2026-07-09 at 10.02.01 (2).jpeg;;bon;0x0;Amelioration de caracteristique | Calcination de Mort-vivant | Impacts benis | Intervention divine | Impacts benis ameliores | Faveur epique | Intervention divine supreme | Liste des sorts de Clerc
72;WhatsApp Image 2026-07-09 at 10.02.01 (3).jpeg;;bon;0x0;Sorts de Clerc du 2e niveau | Sorts de Clerc du 3e niveau | Sorts de Clerc du 4e niveau | Sorts de Clerc du 5e niveau | Sorts de Clerc du 6e niveau
73;WhatsApp Image 2026-07-09 at 10.02.02.jpeg;;bon;0x0;Sorts de Clerc du 7e niveau | Sorts de Clerc du 8e niveau | Sorts de Clerc du 9e niveau | Sous-classes de Clerc | Domaine de la Guerre | Frappe guidee | Pretre de guerre | Sorts du Domaine de la Guerre
74;WhatsApp Image 2026-07-09 at 10.02.02 (1).jpeg;;bon;0x0;Benediction du dieu de la guerre | Avatar de la bataille | Domaine de la Lumiere | Eclat protecteur | Radiance de l'Aube | Sorts du Domaine de la Lumiere
75;WhatsApp Image 2026-07-09 at 10.02.02 (2).jpeg;;bon;0x0;Sorts du Domaine de la Lumiere | Eclat protecteur ameliore | Aureole | Domaine de la Ruse | Faveur du filou
76;WhatsApp Image 2026-07-09 at 10.02.03.jpeg;;bon;0x0;Invocation de replique | Sorts du Domaine de la Ruse | Troc du filou | Replique amelioree
77;WhatsApp Image 2026-07-09 at 10.02.03 (1).jpeg;;bon;0x0;Domaine de la Vie | Disciple de la Vie | Sorts du Domaine de la Vie | Survivance | Guerisseur beni | Guerison supreme
79;WhatsApp Image 2026-07-09 at 10.02.03 (2).jpeg;;bon;0x0;Traits de base du Druide | Aptitudes de classe du Druide | Sorts | Devenir Druide
80;docs/img/img Batch 6/WhatsApp Image 2026-07-09 at 18.48.18 (2).jpeg;;bon;1152x2048;Druide - Druidique et Ordre primitif (Gardien, Mage)
81;WhatsApp Image 2026-07-09 at 10.02.04.jpeg;;bon;0x0;Formes de bete | Sous-classe de Druide | Amelioration de caracteristique | Regain sauvage | Fureur elementaire | Fureur elementaire amelioree | Incantation animale | Faveur epique
82;WhatsApp Image 2026-07-09 at 10.02.04 (1).jpeg;;bon;0x0;Archidruide | Liste des sorts de Druide | Sorts mineurs | Sorts de Druide du 1er niveau
83;WhatsApp Image 2026-07-09 at 10.02.04 (2).jpeg;;bon;0x0;Sorts de Druide du 2e niveau | Sorts de Druide du 3e niveau | Sorts de Druide du 4e niveau | Sorts de Druide du 5e niveau
84;docs/img/img Batch 6/WhatsApp Image 2026-07-09 at 18.48.19 (4).jpeg;;bon;1152x2048;Sous-classes de Druide, Cercle des Astres, Carte stellaire
85;docs/img/img Batch 6/WhatsApp Image 2026-07-09 at 18.48.19 (5).jpeg;;bon;1152x2048;Cercle des Astres: Archer/Calice/Dragon, Presage cosmique
86;docs/img/img Batch 6/WhatsApp Image 2026-07-09 at 18.48.20.jpeg;;bon;1152x2048;Cercle de la Lune, Formes du cercle, Sorts du cercle
87;docs/img/img Batch 6/WhatsApp Image 2026-07-09 at 18.48.20 (1).jpeg;;bon;1152x2048;Cercle des Mers, Courroux des mers, Foulee selene
88;docs/img/img Batch 6/WhatsApp Image 2026-07-09 at 18.48.20 (2).jpeg;;bon;1152x2048;Cercle de la Terre, Aval de la terre, Terres arides/polaires
89;docs/img/img Batch 6/WhatsApp Image 2026-07-09 at 18.48.20 (3).jpeg;;bon;1152x2048;Terres temperees/tropicales, Ressourcement, Protege de dame Nature
91;WhatsApp Image 2026-07-09 at 10.02.07.jpeg;;bon;0x0;Traits de base de l'Ensorceleur | Devenir Ensorceleur | Aptitudes de classe de l'Ensorceleur | Sorts
92;WhatsApp Image 2026-07-09 at 10.02.07 (1).jpeg;;bon;0x0;Aptitudes de l'Ensorceleur | Sorcellerie innee | Metamagie | Reserve arcanique
93;WhatsApp Image 2026-07-09 at 10.02.07 (2).jpeg;;bon;0x0;Sous-classe d'Ensorceleur | Amelioration de caracteristique | Restauration ensorcelee | Sorcellerie incarnee | Faveur epique | Apotheose arcanique | Creation d'emplacements de sort | Options de Metamagie | Sort accelere | Sort ample | Sort chercheur
94;WhatsApp Image 2026-07-09 at 10.02.08.jpeg;;bon;0x0;Sort etendu | Sort intensifie | Sort jumeau | Sort prevenant | Sort renforce | Sort subtil | Sort transmute | Liste des sorts d'Ensorceleur
95;WhatsApp Image 2026-07-09 at 10.02.08 (1).jpeg;;bon;0x0;Sorts mineurs | Sorts d'Ensorceleur du 1er niveau | Sorts d'Ensorceleur du 2e niveau | Sorts d'Ensorceleur du 3e niveau
96;WhatsApp Image 2026-07-09 at 10.02.08 (2).jpeg;;bon;0x0;Sorts d'Ensorceleur du 4e niveau | Sorts d'Ensorceleur du 5e niveau | Sorts d'Ensorceleur du 6e niveau | Sorts d'Ensorceleur du 7e niveau | Sorts d'Ensorceleur du 8e niveau | Sorts d'Ensorceleur du 9e niveau
97;WhatsApp Image 2026-07-09 at 10.02.09.jpeg;;bon;0x0;Sous-classes d'Ensorceleur | Sorcellerie aberrante | Sorts psioniques | Discours telepathique
98;WhatsApp Image 2026-07-09 at 10.02.09 (1).jpeg;;bon;0x0;DEFENSES PSYCHIQUES | SORCELLERIE PSIONIQUE | REVELATION INCARNEE | DISTORSION IMPLOSIVE | SORCELLERIE DRACONIQUE | RESISTANCE DRACONIQUE | SORTS DRACONIQUES | AFFINITE ELEMENTAIRE | AILES DRACONIQUES
99;WhatsApp Image 2026-07-09 at 10.02.09 (2).jpeg;;bon;0x0;COMPAGNON DRACONIQUE | SORCELLERIE MECANIQUE | EQUILIBRE RESTAURE | SORTS MECANIQUES
100;WhatsApp Image 2026-07-09 at 10.02.09 (3).jpeg;;bon;0x0;MANIFESTATIONS DE L'ORDRE | BASTION DE LOI | TRANSE HARMONIQUE | CHEVAUCHEE MECANIQUE
101;WhatsApp Image 2026-07-09 at 10.02.10.jpeg;;bon;0x0;SORCELLERIE SAUVAGE | BOUFFEE DE SORCELLERIE SAUVAGE | MAREE DU CHAOS | COMME PAR HASARD | CHAOS CONTROLE | BOUFFEE DOMPTEE
102;WhatsApp Image 2026-07-09 at 10.02.10 (1).jpeg;;bon;0x0;BOUFFEE DE SORCELLERIE SAUVAGE
103;docs/img/img Batch 6/WhatsApp Image 2026-07-09 at 18.48.18 (4).jpeg;;bon;1152x2048;Sous-classes de Guerrier, Champion, Athlete accompli
105;WhatsApp Image 2026-07-09 at 10.02.10 (3).jpeg;;bon;0x0;TRAITS DE BASE DU GUERRIER | APTITUDES DE CLASSE DU GUERRIER | BOTTES D'ARME | SECOND SOUFFLE | STYLE DE COMBAT | FOUGUE | SENS TACTIQUE
106;WhatsApp Image 2026-07-09 at 10.02.11.jpeg;;bon;0x0;APTITUDES DU GUERRIER | SOUS-CLASSE DE GUERRIER | AMELIORATION DE CARACTERISTIQUE | ATTAQUE SUPPLEMENTAIRE | DECALAGE TACTIQUE | BOTTE TACTIQUE | INFLEXIBLE | DOUBLE ATTAQUE SUPPLEMENTAIRE | ATTAQUES AVISEES | FAVEUR EPIQUE | TRIPLE ATTAQUE SUPPLEMENTAIRE
107;WhatsApp Image 2026-07-09 at 10.02.11 (1).jpeg;;bon;0x0;SOUS-CLASSES DE GUERRIER | CHAMPION | ATHLETE ACCOMPLI | CRITIQUE AMELIORE | STYLE DE COMBAT SUPPLEMENTAIRE | HEROS DU CHAMP D'HONNEUR | CRITIQUE SUPERIEUR | SURVIVANT
108;docs/img/img Batch 6/WhatsApp Image 2026-07-09 at 18.48.18 (5).jpeg;;bon;1152x2048;Chevalier occulte, Arme occulte, Sorts
109;docs/img/img Batch 6/WhatsApp Image 2026-07-09 at 18.48.18 (6).jpeg;;bon;1152x2048;Sorts du Chevalier occulte (table emplacements)
110;docs/img/img Batch 6/WhatsApp Image 2026-07-09 at 18.48.19.jpeg;;bon;1152x2048;Magie de guerre, Fragilisation occulte, Maitre de guerre
111;docs/img/img Batch 6/WhatsApp Image 2026-07-09 at 18.48.19 (1).jpeg;;bon;1152x2048;Options de manoeuvre, Des de Superiorite
112;docs/img/img Batch 6/WhatsApp Image 2026-07-09 at 18.48.19 (2).jpeg;;bon;1152x2048;Soldat psi, Pouvoir psionique, Des d'Energie psionique
113;docs/img/img Batch 6/WhatsApp Image 2026-07-09 at 18.48.19 (3).jpeg;;bon;1152x2048;Adepte telekinetique, Esprit blinde, Maitre telekinetique
115;WhatsApp Image 2026-07-09 at 10.02.13.jpeg;;bon;0x0;TRAITS DE BASE DU MAGICIEN | APTITUDES DE CLASSE DU MAGICIEN | SORTS
116;WhatsApp Image 2026-07-09 at 10.02.13 (1).jpeg;;bon;0x0;APTITUDES DU MAGICIEN | RESTAURATION MAGIQUE | SAVOIR RITUEL | ERUDITION
117;WhatsApp Image 2026-07-09 at 10.02.14.jpeg;;bon;0x0;ETOFFER ET REMPLACER SON GRIMOIRE | SOUS-CLASSE DE MAGICIEN | AMELIORATION DE CARACTERISTIQUE | MEMORISATION DE SORT | MAITRISE DES SORTS | FAVEUR EPIQUE | SORTS DE PREDILECTION | LA REINE ELFE YOLANE
118;WhatsApp Image 2026-07-09 at 10.02.14 (1).jpeg;;bon;0x0;LISTE DES SORTS DE MAGICIEN | SORTS MINEURS | SORTS DE MAGICIEN DU 1ER NIVEAU | SORTS DE MAGICIEN DU 2E NIVEAU
119;WhatsApp Image 2026-07-09 at 10.02.14 (2).jpeg;;bon;0x0;SORTS DE MAGICIEN DU 3E NIVEAU | SORTS DE MAGICIEN DU 4E NIVEAU
120;WhatsApp Image 2026-07-09 at 10.02.14 (3).jpeg;;bon;0x0;SORTS DE MAGICIEN DU 5E NIVEAU | SORTS DE MAGICIEN DU 6E NIVEAU | SORTS DE MAGICIEN DU 7E NIVEAU
121;WhatsApp Image 2026-07-09 at 10.02.15.jpeg;;bon;0x0;SORTS DE MAGICIEN DU 8E NIVEAU | SORTS DE MAGICIEN DU 9E NIVEAU | LE MAGICIEN LEOMUND
122;WhatsApp Image 2026-07-09 at 10.02.15 (1).jpeg;;bon;0x0;SOUS-CLASSES DE MAGICIEN | ABJURATEUR | ABJURATEUR ERUDIT | EGIDE ARCANIQUE | EGIDE PROJETEE
123;WhatsApp Image 2026-07-09 at 10.02.15 (2).jpeg;;bon;0x0;BRISEUR DE SORTS | RESISTANCE AUX SORTS | DEVIN | DEVIN ERUDIT | PRESAGE | DIVINATION EXPERTE | TROISIEME OEIL | PRESAGE RENFORCE
124;WhatsApp Image 2026-07-09 at 10.02.16.jpeg;;bon;0x0;EVOCATEUR | EVOCATEUR ERUDIT | SORT MINEUR APPUYE | FACONNEUR DE SORTS | EVOCATION AMELIOREE | SURCHARGE MAGIQUE
125;WhatsApp Image 2026-07-09 at 10.02.16 (1).jpeg;;bon;0x0;ILLUSIONNISTE | ILLUSIONNISTE ERUDIT | ILLUSIONS AMELIOREES | CREATURES FANTASMAGORIQUES | CALQUE ILLUSOIRE | REALITE CHIMERIQUE
127;WhatsApp Image 2026-07-09 at 10.02.16 (2).jpeg;;bon;0x0;TRAITS DE BASE DU MOINE | APTITUDES DE CLASSE DU MOINE | ARTS MARTIAUX | DEFENSE SANS ARMURE | CREDO DU MOINE
128;WhatsApp Image 2026-07-09 at 10.02.16 (3).jpeg;;bon;0x0;APTITUDES DU MOINE | DEPLACEMENT SANS ARMURE | METABOLISME SURNATUREL | DEVIATION D'ASSAUT
129;WhatsApp Image 2026-07-09 at 10.02.16 (4).jpeg;;bon;0x0;Moine
130;WhatsApp Image 2026-07-09 at 10.02.17.jpeg;;bon;0x0;Sous-classes de Moine | Credo des Elements
131;WhatsApp Image 2026-07-09 at 10.02.17 (1).jpeg;;bon;0x0;Credo de la Misericorde
132;WhatsApp Image 2026-07-09 at 10.02.17 (2).jpeg;;bon;0x0;Credo de l'Ombre
133;WhatsApp Image 2026-07-09 at 10.02.17 (3).jpeg;;bon;0x0;Credo de la Paume
135;docs/img/img Batch 6/WhatsApp Image 2026-07-09 at 18.48.12.jpeg;;bon;1152x2048;Occultiste traits de base Magie de pacte devenir Occultiste
136;docs/img/img Batch 6/WhatsApp Image 2026-07-09 at 18.48.12 (1).jpeg;;bon;1152x2048;table Aptitudes Occultiste Manifestations occultes Rouerie magique Sous-classe
137;docs/img/img Batch 6/WhatsApp Image 2026-07-09 at 18.48.13.jpeg;;bon;1152x2048;Occultiste niveaux 4-20 Options Manifestation occulte Armure ombres
138;docs/img/img Batch 6/WhatsApp Image 2026-07-09 at 18.48.13 (1).jpeg;;bon;1152x2048;Manifestations Frappe occulte Pacte du grimoire Pacte de la lame
139;docs/img/img Batch 6/WhatsApp Image 2026-07-09 at 18.48.13 (2).jpeg;;bon;1152x2048;fin manifestations Liste sorts Occultiste sorts mineurs et 1er niveau
140;docs/img/img Batch 6/WhatsApp Image 2026-07-09 at 18.48.13 (3).jpeg;;bon;1152x2048;Sorts Occultiste 2e a 8e niveau (tables)
141;docs/img/img Batch 6/WhatsApp Image 2026-07-09 at 18.48.13 (4).jpeg;;bon;1152x2048;Sorts Occultiste 9e niveau Sous-classes Protecteur Archifee Foulee des fees
142;docs/img/img Batch 6/WhatsApp Image 2026-07-09 at 18.48.13 (5).jpeg;;bon;1152x2048;Sorts de l'Archifee Echappatoire brumeuse Protecteur Celeste
143;docs/img/img Batch 6/WhatsApp Image 2026-07-09 at 18.48.13 (6).jpeg;;bon;1152x2048;Protecteur Celeste Lumiere guerisseuse Protecteur Fielon
144;docs/img/img Batch 6/WhatsApp Image 2026-07-09 at 18.48.14.jpeg;;bon;1152x2048;Protecteur Fielon Traversee des enfers Protecteur Grand Ancien Esprit eveille
145;docs/img/img Batch 6/WhatsApp Image 2026-07-09 at 18.48.14 (1).jpeg;;bon;1152x2048;Sorts Grand Ancien Sorts psychiques Bouclier mental Malefice occulte
146;docs/img/img Batch 6/WhatsApp Image 2026-07-09 at 18.48.14 (2).jpeg;;bon;1152x2048;page-titre PALADIN Combattant vertueux sous serment sacre
147;docs/img/img Batch 6/WhatsApp Image 2026-07-09 at 18.48.14 (3).jpeg;;bon;1152x2048;Paladin traits de base Bottes d'arme Imposition des mains Sorts
148;docs/img/img Batch 6/WhatsApp Image 2026-07-09 at 18.48.14 (4).jpeg;;bon;1152x2048;table Aptitudes Paladin Chatiment Style de combat Conduit divin
149;docs/img/img Batch 6/WhatsApp Image 2026-07-09 at 18.48.14 (5).jpeg;;bon;1152x2048;Paladin niveaux 3-19 Aura de protection Rompre votre serment
150;docs/img/img Batch 6/WhatsApp Image 2026-07-09 at 18.48.14 (6).jpeg;;bon;1152x2048;Liste sorts Paladin 1er a 5e niveau (tables)
151;docs/img/img Batch 6/WhatsApp Image 2026-07-09 at 18.48.14 (7).jpeg;;bon;1152x2048;Sous-classes Paladin Serment des Anciens Courroux de la nature
152;docs/img/img Batch 6/WhatsApp Image 2026-07-09 at 18.48.15.jpeg;;bon;1152x2048;Serment des Anciens niveaux 7-20 Serment de Devotion
153;docs/img/img Batch 6/WhatsApp Image 2026-07-09 at 18.48.15 (1).jpeg;;bon;1152x2048;Paladin - Serment de Devotion (Arme sacree, Aura de devotion, Nimbe sacre) et Serment de Gloire (Athlete d'exception, Chatiment d'exaltation)
154;docs/img/img Batch 6/WhatsApp Image 2026-07-09 at 18.48.15 (2).jpeg;;bon;1152x2048;Paladin Serment de Gloire (Defense glorieuse, Legende vivante) et debut Serment de Vengeance
155;docs/img/img Batch 6/WhatsApp Image 2026-07-09 at 18.48.15 (3).jpeg;;bon;1152x2048;Paladin Serment de Vengeance (Voeu d'hostilite, Vengeur implacable, Esprit de la vengeance, Ange vengeur)
157;WhatsApp Image 2026-07-09 at 10.02.23.jpeg;;bon;0x0;Rodeur
158;WhatsApp Image 2026-07-09 at 10.02.23 (1).jpeg;;bon;0x0;Aptitudes du Rodeur | Ennemi jure | Fin explorateur | Style de combat | Sous-classe de Rodeur | Attaque supplementaire | Arpenteur
159;docs/img/img Batch 1/WhatsApp Image 2026-07-07 at 12.02.59 (6).jpeg;;bon;1536x2048;Rodeur (liste de sorts)
160;docs/img/img Batch 6/WhatsApp Image 2026-07-09 at 18.48.20 (4).jpeg;;bon;1152x2048;Sous-classes de Rodeur, Belluaire, Compagnon primitif
161;docs/img/img Batch 6/WhatsApp Image 2026-07-09 at 18.48.20 (5).jpeg;;bon;1152x2048;Coordination facilitee, Fureur bestiale, Bete des cieux
162;docs/img/img Batch 6/WhatsApp Image 2026-07-09 at 18.48.20 (6).jpeg;;bon;1152x2048;Bete des mers, Bete des terres, Chasseur, Proie du chasseur
163;docs/img/img Batch 6/WhatsApp Image 2026-07-09 at 18.48.20 (7).jpeg;;bon;1152x2048;Traqueur des tenebres, Embuscade effrayante, Vision ombreuse
164;docs/img/img Batch 6/WhatsApp Image 2026-07-09 at 18.48.20 (8).jpeg;;bon;1152x2048;Rafale du traqueur, Esquive des ombres, Vagabond feerique, Charme mystique
165;docs/img/img Batch 6/WhatsApp Image 2026-07-09 at 18.48.21.jpeg;;bon;1152x2048;Vagabond feerique: Presents de Feerie, Fascination detournee, Vagabond des brumes
167;WhatsApp Image 2026-07-09 at 10.04.02 (1).jpeg;;bon;0x0;TRAITS DE BASE DU ROUBLARD | APTITUDES DE CLASSE DU ROUBLARD
168;WhatsApp Image 2026-07-09 at 10.04.02 (2).jpeg;;bon;0x0;APTITUDES DU ROUBLARD
169;WhatsApp Image 2026-07-09 at 10.04.02 (3).jpeg;;bon;0x0;
170;WhatsApp Image 2026-07-09 at 10.04.03.jpeg;;bon;0x0;SOUS-CLASSES DE ROUBLARD | AME ACEREE
171;WhatsApp Image 2026-07-09 at 10.04.03 (1).jpeg;;bon;0x0;
172;WhatsApp Image 2026-07-09 at 10.04.03 (2).jpeg;;bon;0x0;ARNAQUEUR ARCANIQUE
173;WhatsApp Image 2026-07-09 at 10.04.03 (3).jpeg;;bon;0x0;SORTS DE L'ARNAQUEUR ARCANIQUE
174;WhatsApp Image 2026-07-09 at 10.04.04.jpeg;;bon;0x0;ASSASSIN
175;WhatsApp Image 2026-07-09 at 10.04.04 (1).jpeg;;bon;0x0;VOLEUR
176;WhatsApp Image 2026-07-09 at 10.04.04 (3).jpeg;;bon;0x0;DESCRIPTION DES ESPECES | AASIMAR
177;WhatsApp Image 2026-07-09 at 10.04.04 (2).jpeg;;bon;0x0;ORIGINES DES PERSONNAGES
179;docs/img/img Batch 1/WhatsApp Image 2026-07-07 at 12.02.59 (9).jpeg;;bon;1536x2048;Artiste | Charlatan
180;docs/img/img Batch 1/WhatsApp Image 2026-07-07 at 12.03.00.jpeg;approx;moyen n° bas gauche coupe (180 probable);1536x2048;Criminel | Ermite
181;docs/img/img Batch 1/WhatsApp Image 2026-07-07 at 12.03.00 (1).jpeg;;bon;1536x2048;Fermier | Garde
182;docs/img/img Batch 1/WhatsApp Image 2026-07-07 at 12.03.00 (2).jpeg;approx;moyen n° non visible;1536x2048;Guide | Marchand
183;docs/img/img Batch 1/WhatsApp Image 2026-07-07 at 12.03.00 (3).jpeg;approx;bon;1536x2048;Marin | Noble
184;docs/img/img Batch 1/WhatsApp Image 2026-07-07 at 12.03.00 (4).jpeg;approx;moyen bas de page coupe;1536x2048;Sage | Scribe
185;docs/img/img Batch 1/WhatsApp Image 2026-07-07 at 12.03.00 (5).jpeg;;bon;1536x2048;Soldat | Voyageur
187;WhatsApp Image 2026-07-09 at 10.04.05.jpeg;;bon;0x0;DRAKEIDE
188;docs/img/img Batch 1/WhatsApp Image 2026-07-07 at 12.03.01.jpeg;;bon;1536x2048;Elfe | Drows | Elfes sylvestres | Hauts-elfes
189;docs/img/img Batch 1/WhatsApp Image 2026-07-07 at 12.03.01 (1).jpeg;;bon;1536x2048;Elfe (traits) | Lignages elfiques
190;WhatsApp Image 2026-07-09 at 10.04.05 (3).jpeg;;bon;0x0;GNOME
191;WhatsApp Image 2026-07-09 at 10.04.06.jpeg;;bon;0x0;GOLIATH
192;WhatsApp Image 2026-07-09 at 10.04.06 (1).jpeg;;bon;0x0;HALFELIN
193;WhatsApp Image 2026-07-09 at 10.04.06 (2).jpeg;;bon;0x0;HUMAIN
194;docs/img/img Batch 6/WhatsApp Image 2026-07-09 at 18.48.18 (3).jpeg;;bon;1152x2048;Espece Nain (description et Traits des nains)
195;WhatsApp Image 2026-07-09 at 10.04.07.jpeg;;bon;0x0;ORC
196;WhatsApp Image 2026-07-09 at 10.04.07 (1).jpeg;;bon;0x0;TIEFFELIN
197;docs/img/img Batch 1/WhatsApp Image 2026-07-07 at 12.03.01 (4).jpeg;;bon net;1536x2048;Traits des tieffelins | Heritages fielons
199;docs/img/img Batch 1/WhatsApp Image 2026-07-07 at 12.03.01 (5).jpeg;;bon net;1536x2048;Dons | Liste des dons
200;docs/img/img Batch 1/WhatsApp Image 2026-07-07 at 12.03.02.jpeg;;bon net;1536x2048;Liste des dons (suite) | Dons d'origines | Bagarreur de tavernes | Chanceux
201;docs/img/img Batch 1/WhatsApp Image 2026-07-07 at 12.03.02 (1).jpeg;approx;moyen numero de page absent (probable 201);1536x2048;Doue | Faconneur | Faconnage rapide | Guerisseur | Initie a la magie | Musicien
202;docs/img/img Batch 1/WhatsApp Image 2026-07-07 at 12.03.02 (2).jpeg;;bon net;1536x2048;Robuste | Sauvagerie martiale | Vigilant | Dons generaux | Adepte elementaire | Affinite feerique | Affinite ombreuse | Amelioration de caracteristique | Athlete
203;docs/img/img Batch 1/WhatsApp Image 2026-07-07 at 12.03.02 (3).jpeg;;bon net;1536x2048;Broyeur | Chef cuisinier | Cogneur lourd | Combattant a deux armes | Combattant monte | Comedien
204;docs/img/img Batch 1/WhatsApp Image 2026-07-07 at 12.03.02 (4).jpeg;;bon net;1536x2048;Discret | Duelliste defensif | Empoigneur | Empoisonneur | Esprit affute | Expert
205;docs/img/img Batch 1/WhatsApp Image 2026-07-07 at 12.03.02 (5).jpeg;;bon net;1536x2048;Expert de la charge | Figure de proue | Formation aux armes de guerre | Gaillard | Incantateur d'elite | Mage de guerre | Magie rituelle
206;docs/img/img Batch 1/WhatsApp Image 2026-07-07 at 12.03.02 (6).jpeg;approx;moyen numero de page absent (probable 206);1536x2048;Maitre d'armes | Maitre d'hast | Maitre-arbaletrier | Maitre des armures intermediaires | Maitre des armures lourdes
207;docs/img/img Batch 1/WhatsApp Image 2026-07-07 at 12.03.02 (7).jpeg;;bon net;1536x2048;Maitre des boucliers | Mobile | Observateur | Perforateur | Protection intermediaire | Protection legere | Protection lourde
208;docs/img/img Batch 1/WhatsApp Image 2026-07-07 at 12.03.02 (8).jpeg;;moyen numero partiellement lisible (208);1536x2048;Resilient | Sentinelle | Telekinesiste | Telepathe | Tireur d'elite | Trancheur
209;docs/img/img Batch 1/WhatsApp Image 2026-07-07 at 12.03.02 (9).jpeg;approx;moyen numero de page absent (probable 209);1536x2048;Tueur de mages | Dons de style de combat | Archerie | Armes a deux mains | Armes de lancer | Combat a deux armes | Combat a mains nues | Combat en aveugle | Defense | Duel | Interception
210;docs/img/img Batch 1/WhatsApp Image 2026-07-07 at 12.03.03.jpeg;;bon net;1536x2048;Protection | Dons de faveur epique | Faveur d'attaque irresistible | Faveur de competence | Faveur de deplacement dimensionnel | Faveur de l'esprit nocturne | Faveur de memoire magique | Faveur de prouesse martiale | Faveur de recuperation
211;docs/img/img Batch 1/WhatsApp Image 2026-07-07 at 12.03.03 (1).jpeg;;bon net;1536x2048;Faveur de recuperation (suite) | Faveur de Resistance aux energies | Faveur de vigueur | Faveur de vision lucide | Faveur de vitesse | Faveur du destin
213;docs/img/img Batch 1/WhatsApp Image 2026-07-07 at 12.03.03 (2).jpeg;approx;moyen ouverture chapitre numero absent (probable 212);1536x2048;Equipement | Monnaie | Armes | Maitrise des armes | Proprietes | Allonge | Chargement | Deux mains | Finesse | Lancer
214;docs/img/img Batch 1/WhatsApp Image 2026-07-07 at 12.03.03 (3).jpeg;;bon net;1536x2048;Legere | Lourde | Munitions | Polyvalente | Portee | Proprietes botte | Coup double | Ecorchure | Enchainement | Ouverture | Poussee | Ralentissement | Renversement | Sape
215;docs/img/img Batch 1/WhatsApp Image 2026-07-07 at 12.03.03 (4).jpeg;;bon net;1536x2048;Table Armes | Baton de combat | Dague | Gourdin | Hachette | Javeline | Lance | Marteau leger | Masse d'armes | Massue | Serpe | Arbalete legere | Arc court | Flechette | Fronde | Cimeterre | Coutille | Epee a deux mains | Epee courte | Epee longue | Fleau d'armes | Fouet | Hache a deux mains | Hache d'armes | Hallebarde | Lance d'arcon | Maillet d'armes | Marteau de guerre | Morgenstern | Pic de guerre | Pique | Rapiere | Trident | Arbalete de poing | Arbalete lourde | Arc long | Mousquet | Pistolet | Sarbacane
219;docs/img/img Batch 1/WhatsApp Image 2026-07-07 at 12.03.03 (6).jpeg;;bon net (DOUBLON de la page 219 idx 47);1536x2048;Table Armures | Armure matelassee | Armure de cuir | Armure de cuir cloute | Armure de peaux | Chemise de mailles | Armure d'ecailles | Cuirasse | Demi-plate | Broigne | Cotte de mailles | Clibanion | Harnois | Bouclier | Formation aux armures | Une seule a la fois | Variante Taille de l'equipement
220;docs/img/img Batch 6/WhatsApp Image 2026-07-09 at 18.48.15 (5).jpeg;;bon;1152x2048;Outils, Maitrise d'outils, Outils d'artisan (Materiel d'alchimiste, brasseur, forgeron, etc.)
221;docs/img/img Batch 1/WhatsApp Image 2026-07-07 at 12.03.03 (8).jpeg;;bon net;1536x2048;Outils de joaillier | Outils de macon | Outils de menuisier | Outils de potier | Outils de souffleur de verre | Outils de tanneur | Outils de tisserand | Ustensiles de cuisinier | Autres outils | Accessoires de deguisement | Boite de jeux | Instrument de musique | Instruments de navigateur | Materiel de contrefacon | Materiel d'empoisonneur | Materiel d'herboriste | Outils de voleur
222;docs/img/img Batch 1/WhatsApp Image 2026-07-07 at 12.03.03 (9).jpeg;;bon net;1536x2048;Equipement d'aventurier | Acide | Antidote | Beaux habits | Belier portable | Billes | Boite a amadou
223;docs/img/img Batch 1/WhatsApp Image 2026-07-07 at 12.03.03 (10).jpeg;;bon net;1536x2048;Table Equipement d'aventurier | Acide | Antidote | Beaux habits | Belier portable | Billes | Boite a amadou | Bougie | Bouteille verre | Cadenas | Carquois | Carte | Chaine | Chausse-trappes | Cloche | Coffre | Corde | Costume | Couverture | Cruche | Eau benite | Echelle | Encre | Etui a cartes ou a parchemins | Etui pour carreaux d'arbalete | Feu gregeois | Ficelle | Filet | Fiole | Flasque | Focaliseur arcanique | Focaliseur druidique | Grappin | Huile | Lampe | Lanterne a capote | Lanterne sourde | Livre | Longue-vue | Loupe | Materiel d'escalade | Menottes | Miroir | Munitions | Outre | Palan | Panier | Papier | Paquetage d'artiste | Paquetage de cambrioleur | Paquetage de diplomate | Paquetage d'ecclesiastique | Paquetage d'erudit | Paquetage d'explorateur | Paquetage d'exploration souterraine | Parchemin | Parchemin de sort | Parfum | Pelle | Perche | Pied-de-biche | Piege a machoires | Pointes en fer | Poison standard | Porte-plume | Pot en fer | Potion de guerison | Rations | Robe | Sac | Sac a dos | Sac de couchage | Sacoche | Sacoche a composantes | Seau | Sifflet | Symbole sacre | Tente | Tenue de voyage | Tonneau | Torche | Trousse de soins
224;docs/img/img Batch 1/WhatsApp Image 2026-07-07 at 12.03.04.jpeg;;bon net;1536x2048;Bougie | Bouteille verre | Cadenas | Carquois | Carte | Chaine | Chausse-trappes | Cloche | Coffre | Corde | Costume | Couverture | Cruche | Eau benite | Echelle | Encre | Etui a cartes ou a parchemins | Etui pour carreaux d'arbalete
225;docs/img/img Batch 1/WhatsApp Image 2026-07-07 at 12.03.04 (1).jpeg;;bon net;1536x2048;Feu gregeois | Ficelle | Filet | Fiole | Flasque | Focaliseur arcanique | Focaliseurs arcaniques | Focaliseur druidique | Focaliseurs druidiques | Grappin | Huile
226;docs/img/img Batch 1/WhatsApp Image 2026-07-07 at 12.03.04 (2).jpeg;;bon net;1536x2048;Lampe | Lanterne a capote | Lanterne sourde | Livre | Longue-vue | Loupe | Materiel d'escalade | Menottes | Miroir | Munitions | Outre
227;docs/img/img Batch 1/WhatsApp Image 2026-07-07 at 12.03.04 (3).jpeg;;bon net;1536x2048;Palan | Panier | Papier | Paquetage d'artiste | Paquetage de cambrioleur | Paquetage de diplomate | Paquetage d'ecclesiastique | Paquetage d'erudit | Paquetage d'explorateur | Paquetage d'exploration souterraine | Parchemin | Parchemin de sort | Parfum | Pelle | Perche | Pied-de-biche | Piege a machoires
228;docs/img/img Batch 1/WhatsApp Image 2026-07-07 at 12.03.04 (4).jpeg;;bon net;1536x2048;Pointes en fer | Poison standard | Porte-plume | Pot en fer | Potion de guerison | Rations | Robe | Sac | Sac a dos | Sac de couchage | Sacoche | Sacoche a composantes | Seau | Sifflet | Symbole sacre | Symboles sacres | Tente | Tenue de voyage
229;docs/img/img Batch 1/WhatsApp Image 2026-07-07 at 12.03.04 (5).jpeg;;bon net;1536x2048;Tonneau | Torche | Trousse de soins | Montures et vehicules | Montures et chargement | Barde | Selles | Montures et autres animaux | Harnachement et vehicules tractes
230;docs/img/img Batch 6/WhatsApp Image 2026-07-09 at 18.48.17 (5).jpeg;;bon;1152x2048;Vehicules de grande taille, Services, Train de vie, table Vehicules aeriens et bateaux
231;docs/img/img Batch 6/WhatsApp Image 2026-07-09 at 18.48.17 (6).jpeg;;bon;1152x2048;Repas boisson et hebergement, Voyage, Employes
232;docs/img/img Batch 6/WhatsApp Image 2026-07-09 at 18.48.18.jpeg;;bon;1152x2048;Sorts (services d'incantation), Objets magiques, Identifier un objet magique, Harmonisation
233;docs/img/img Batch 2/WhatsApp Image 2026-07-09 at 00.30.42.jpeg;approx;bon - texte lisible leger courbure;1152x2048;
234;docs/img/img Batch 2/WhatsApp Image 2026-07-09 at 00.30.42 (1).jpeg;approx;bon - texte lisible;1152x2048;
235;docs/img/img Batch 2/WhatsApp Image 2026-07-09 at 00.30.42 (2).jpeg;approx;bon - illustration + texte lisible;1152x2048;
236;docs/img/img Batch 2/WhatsApp Image 2026-07-09 at 00.30.42 (3).jpeg;approx;bon - schema zones d'effet lisible;1152x2048;
237;docs/img/img Batch 2/WhatsApp Image 2026-07-09 at 00.30.42 (4).jpeg;approx;bon - texte lisible;1152x2048;Agrandissement/rapetissement | Aide | Alarme | Alienation | Allie planaire
238;docs/img/img Batch 2/WhatsApp Image 2026-07-09 at 00.30.43.jpeg;approx;bon - texte lisible;1152x2048;Amelioration de caracteristique | Amitie avec les animaux | Animation des morts | Animation des objets
239;docs/img/img Batch 2/WhatsApp Image 2026-07-09 at 00.30.43 (1).jpeg;approx;bon - doublon de la page precedente;1152x2048;Amelioration de caracteristique | Amitie avec les animaux | Animation des morts | Animation des objets
240;docs/img/img Batch 2/WhatsApp Image 2026-07-09 at 00.30.43 (2).jpeg;approx;bon - encart profil + texte lisible;1152x2048;Objet anime | Antidetection | Apaisement des emotions | Apparence trompeuse
241;docs/img/img Batch 2/WhatsApp Image 2026-07-09 at 00.30.43 (3).jpeg;approx;bon - encart profil + texte lisible;1152x2048;Appel de destrier | Monture d'outre-monde | Appel de familier
242;docs/img/img Batch 2/WhatsApp Image 2026-07-09 at 00.30.43 (4).jpeg;approx;bon - doublon de la page precedente;1152x2048;Appel de destrier | Monture d'outre-monde | Appel de familier
243;docs/img/img Batch 2/WhatsApp Image 2026-07-09 at 00.30.43 (5).jpeg;approx;bon - illustration + texte lisible;1152x2048;Appel de la foudre | Arme elementaire
244;docs/img/img Batch 2/WhatsApp Image 2026-07-09 at 00.30.43 (6).jpeg;approx;bon - illustration + texte lisible;1152x2048;Arme magique | Arme spirituelle
245;docs/img/img Batch 2/WhatsApp Image 2026-07-09 at 00.30.44.jpeg;approx;bon - illustration + texte lisible;1152x2048;Armure d'Agathys | Armure du mage | Arret du temps
246;docs/img/img Batch 2/WhatsApp Image 2026-07-09 at 00.30.44 (1).jpeg;approx;bon - texte lisible;1152x2048;Aspersion acide | Assassin imaginaire | Assistance | Augure | Aura du croise | Aura magique de Nystul
247;docs/img/img Batch 2/WhatsApp Image 2026-07-09 at 00.30.44 (2).jpeg;approx;bon - texte lisible;1152x2048;Aura de purete | Aura sacree | Aura de vie | Aura de vitalite | Aversion/attirance
248;docs/img/img Batch 2/WhatsApp Image 2026-07-09 at 00.30.44 (3).jpeg;approx;bon - texte lisible;1152x2048;Bagou | Baies nourricieres | Bannissement | Barriere de lames | Benediction | Blessure
249;docs/img/img Batch 2/WhatsApp Image 2026-07-09 at 00.30.45.jpeg;approx;bon - illustration + texte lisible;1152x2048;Bouche magique | Bouclier | Bouclier de feu
250;docs/img/img Batch 2/WhatsApp Image 2026-07-09 at 00.30.45 (1).jpeg;approx;bon - texte lisible;1152x2048;Bouclier de la foi | Bouffee de poison | Boule de feu | Boule de feu a retardement | Bourrasque | Brume mortelle
251;docs/img/img Batch 2/WhatsApp Image 2026-07-09 at 00.30.45 (2).jpeg;approx;bon - texte lisible;1152x2048;Cage de force | Caresse du vampire | Cecite/surdite | Cercle magique
252;docs/img/img Batch 2/WhatsApp Image 2026-07-09 at 00.30.45 (3).jpeg;approx;bon - texte lisible;1152x2048;Cercle de mort | Cercle de pouvoir | Cercle de teleportation | Chaine d'eclairs | Champ antimagie
253;docs/img/img Batch 2/WhatsApp Image 2026-07-09 at 00.30.45 (4).jpeg;approx;bon - illustration + texte lisible;1152x2048;Changement de forme | Changement de plan
254;docs/img/img Batch 2/WhatsApp Image 2026-07-09 at 00.30.46.jpeg;approx;bon - texte lisible;1152x2048;Charme-monstre | Charme-personne | Chatiment du ban | Chatiment de cecite | Chatiment de courroux | Chatiment divin
255;docs/img/img Batch 2/WhatsApp Image 2026-07-09 at 00.30.46 (1).jpeg;approx;bon - illustration + texte lisible;1152x2048;Chatiment de fournaise | Chatiment de revelation | Chatiment de stupeur
256;docs/img/img Batch 2/WhatsApp Image 2026-07-09 at 00.30.46 (2).jpeg;approx;bon - illustration + texte lisible;1152x2048;Chatiment de tonnerre | Chaudron bouillonnant de Tasha | Chien de garde de Mordenkainen
257;docs/img/img Batch 2/WhatsApp Image 2026-07-09 at 00.30.46 (3).jpeg;approx;bon;1152x2048;CLAIRVOYANCE | CLIGNOTEMENT | CLONE | COFFRE SECRET DE LEOMUND
258;docs/img/img Batch 2/WhatsApp Image 2026-07-09 at 00.30.46 (4).jpeg;approx;bon;1152x2048;COLONNE DE FLAMME | COMMUNICATION AVEC LES ANIMAUX | COMMUNICATION A DISTANCE | COMMUNICATION AVEC LES MORTS | COMMUNICATION AVEC LES PLANTES
259;docs/img/img Batch 2/WhatsApp Image 2026-07-09 at 00.30.47.jpeg;approx;bon;1152x2048;COMMUNION | COMMUNION AVEC LA NATURE | COMPREHENSION DES LANGUES | COMPULSION
260;docs/img/img Batch 2/WhatsApp Image 2026-07-09 at 00.30.47 (1).jpeg;approx;bon;1152x2048;CONE DE FROID | CONFUSION
261;docs/img/img Batch 2/WhatsApp Image 2026-07-09 at 00.30.47 (2).jpeg;approx;bon;1152x2048;CONTACT GLACIAL | CONTACT AVEC LES PLANS | CONTAGION | CONTAMINATION | CONTRESORT | CONTROLE DU CLIMAT
262;docs/img/img Batch 2/WhatsApp Image 2026-07-09 at 00.30.47 (3).jpeg;;bon;1152x2048;CONTROLE DE L'EAU
263;docs/img/img Batch 2/WhatsApp Image 2026-07-09 at 00.30.48.jpeg;approx;bon;1152x2048;CONVOCATION D'ABERRATION
264;docs/img/img Batch 2/WhatsApp Image 2026-07-09 at 00.30.48 (1).jpeg;approx;bon;1152x2048;CONVOCATION D'ARTIFICIEL | CONVOCATION DE BETE
265;docs/img/img Batch 2/WhatsApp Image 2026-07-09 at 00.30.48 (2).jpeg;approx;bon;1152x2048;CONVOCATION DE CELESTE
266;docs/img/img Batch 2/WhatsApp Image 2026-07-09 at 00.30.48 (3).jpeg;approx;bon;1152x2048;CONVOCATION DE DRAGON
267;docs/img/img Batch 2/WhatsApp Image 2026-07-09 at 00.30.48 (4).jpeg;approx;bon;1152x2048;CONVOCATION D'ELEMENTAIRE | CONVOCATION DE FEE
268;docs/img/img Batch 2/WhatsApp Image 2026-07-09 at 00.30.49.jpeg;approx;bon;1152x2048;CONVOCATION DE FIELON
269;docs/img/img Batch 2/WhatsApp Image 2026-07-09 at 00.30.49 (1).jpeg;approx;bon;1152x2048;CONVOCATION DE MORT-VIVANT
270;docs/img/img Batch 2/WhatsApp Image 2026-07-09 at 00.30.49 (2).jpeg;approx;bon;1152x2048;CONVOCATIONS INSTANTANEES DE DRAWMIJ | COQUILLE ANTIVIE | CORDE ENCHANTEE | CORDON DE FLECHES | COULEURS DANSANTES
271;docs/img/img Batch 2/WhatsApp Image 2026-07-09 at 00.30.49 (3).jpeg;approx;bon;1152x2048;COUP AU BUT | COUP DE TONNERRE | COURONNE DU DEMENT | COUTEAU DE GLACE | CREATION
272;docs/img/img Batch 2/WhatsApp Image 2026-07-09 at 00.30.50.jpeg;approx;bon;1152x2048;CREATION OU DESTRUCTION D'EAU | CREATION DE MORT-VIVANT | CREATION DE NOURRITURE ET D'EAU | CROISSANCE D'EPINES
273;docs/img/img Batch 2/WhatsApp Image 2026-07-09 at 00.30.50 (1).jpeg;approx;bon;1152x2048;CROISSANCE VEGETALE | CROSSE DES DRUIDES | DANSE IRRESISTIBLE D'OTTO | DEBLOCAGE | DECHARGE OCCULTE | DEDALE
274;docs/img/img Batch 6/WhatsApp Image 2026-07-09 at 18.48.11.jpeg;;bon;1152x2048;sorts Deguisement Delivrance des maledictions Demi-plan Desintegration Detection invisibilite/magie
275;docs/img/img Batch 6/WhatsApp Image 2026-07-09 at 18.48.11 (1).jpeg;;bon;1152x2048;sorts Detection mal et bien/pensees/pieges/poison et maladies Discours captivant
276;docs/img/img Batch 2/WhatsApp Image 2026-07-09 at 00.30.51.jpeg;approx;bon;1152x2048;DISQUE FLOTTANT DE TENSER | DISSIMULATION SUPREME
277;docs/img/img Batch 2/WhatsApp Image 2026-07-09 at 00.30.51 (1).jpeg;approx;bon;1152x2048;DISSIPATION DE LA MAGIE | DISSIPATION DU MAL ET DU BIEN
278;docs/img/img Batch 2/WhatsApp Image 2026-07-09 at 00.30.51 (2).jpeg;approx;bon;1152x2048;DIVINATION | DOIGT DE MORT | DOMINATION DE BETE | DOMINATION DE MONSTRE | DOMINATION DE PERSONNE
279;docs/img/img Batch 2/WhatsApp Image 2026-07-09 at 00.30.51 (3).jpeg;approx;bon;1152x2048;DON DES LANGUES | DOUBLE ILLUSOIRE | DOUX REPOS | DRUIDISME
280;docs/img/img Batch 3/WhatsApp Image 2026-07-09 at 09.56.23.jpeg;;bon;1152x2048;Duel force | Eclair | Eclat du soleil | Elementalisme | Embruns prismatiques
281;docs/img/img Batch 3/WhatsApp Image 2026-07-09 at 09.56.24.jpeg;;bon;1152x2048;Emprisonnement
282;docs/img/img Batch 3/WhatsApp Image 2026-07-09 at 09.56.24 (1).jpeg;;bon;1152x2048;Enchevetrement
283;docs/img/img Batch 3/WhatsApp Image 2026-07-09 at 09.56.24 (2).jpeg;;bon;1152x2048;Ennemi subconscient | Entrave planaire | Epee de Mordenkainen | Epine mentale | Eruption ensorcelee
284;docs/img/img Batch 3/WhatsApp Image 2026-07-09 at 09.56.24 (3).jpeg;;bon;1152x2048;Esprit impenetrable | Esprits gardiens | Etat cadaverique | Eveil | Fabrication | Faconnage de la pierre
285;docs/img/img Batch 3/WhatsApp Image 2026-07-09 at 09.56.25.jpeg;;bon;1152x2048;Faveur divine | Faux amis | Festin des heros
286;docs/img/img Batch 3/WhatsApp Image 2026-07-09 at 09.56.25 (1).jpeg;;bon;1152x2048;Feuille morte | Flamme eternelle | Flamme sacree | Flammes | Fleau d'insectes | Fleche acide de Melf
287;docs/img/img Batch 3/WhatsApp Image 2026-07-09 at 09.56.25 (2).jpeg;;bon;1152x2048;Fleche de foudre | Fletrissement
288;docs/img/img Batch 3/WhatsApp Image 2026-07-09 at 09.56.25 (3).jpeg;;bon;1152x2048;Flou | Fontaine de lune | Force fantasmagorique | Forme etheree | Forme gazeuse
289;docs/img/img Batch 3/WhatsApp Image 2026-07-09 at 09.56.26.jpeg;;bon;1152x2048;Fou rire de Tasha | Fouet epineux | Foulee brumeuse | Fracassement | Frappe piegeuse
290;docs/img/img Batch 3/WhatsApp Image 2026-07-09 at 09.56.26 (1).jpeg;;bon;1152x2048;Frappe du vent d'acier | Fusion dans la pierre
291;docs/img/img Batch 3/WhatsApp Image 2026-07-09 at 09.56.26 (2).jpeg;;bon;1152x2048;Gardien de la foi | Glas | Glissement de terrain | Globe d'invulnerabilite | Glyphe de garde
292;docs/img/img Batch 3/WhatsApp Image 2026-07-09 at 09.56.27.jpeg;;bon;1152x2048;Graisse | Grande foulee | Grele d'epines | Guerison | Guerison de groupe
293;docs/img/img Batch 3/WhatsApp Image 2026-07-09 at 09.56.27 (1).jpeg;;bon;1152x2048;Hate | Herissement de projectiles | Heroisme | Identification | Illusion mineure
294;docs/img/img Batch 3/WhatsApp Image 2026-07-09 at 09.56.27 (2).jpeg;;bon;1152x2048;Illusion programmee | Image majeure
295;docs/img/img Batch 3/WhatsApp Image 2026-07-09 at 09.56.28.jpeg;;bon;1152x2048;Image miroir | Image projetee | Image silencieuse | Immobilisation de monstre
296;docs/img/img Batch 3/WhatsApp Image 2026-07-09 at 09.56.28 (1).jpeg;;bon;1152x2048;Immobilisation de personne | Imprecation | Injonction | Insecte geant
297;docs/img/img Batch 3/WhatsApp Image 2026-07-09 at 09.56.28 (2).jpeg;;bon;1152x2048;Interdiction | Inversion de la gravite | Invisibilite | Invisibilite supreme | Invocation d'animaux
298;docs/img/img Batch 3/WhatsApp Image 2026-07-09 at 09.56.29.jpeg;;bon;1152x2048;Invocation de celeste | Invocation d'elementaire | Invocation d'elementaires mineurs | Invocation d'etres sylvestres | Invocation de fee
299;docs/img/img Batch 3/WhatsApp Image 2026-07-09 at 09.56.29 (1).jpeg;;bon;1152x2048;Invocation de volee | Lame de feu | Lenteur | Levitation | Liane avide
300;docs/img/img Batch 3/WhatsApp Image 2026-07-09 at 09.56.29 (2).jpeg;;bon;1152x2048;Liberte de mouvement | Lien de protection | Lien telepathique de Rary | Localisation d'animaux ou de plantes | Localisation de creature | Localisation d'objet
301;docs/img/img Batch 3/WhatsApp Image 2026-07-09 at 09.56.29 (3).jpeg;;bon;1152x2048;Lueur d'espoir | Lueurs feeriques | Lumiere | Lumiere du jour
302;docs/img/img Batch 3/WhatsApp Image 2026-07-09 at 09.56.30.jpeg;;bon;1152x2048;Lumieres dansantes | Main de Bigby
303;docs/img/img Batch 3/WhatsApp Image 2026-07-09 at 09.56.30 (1).jpeg;;bon;1152x2048;Main du mage | Mains brulantes | Malediction | Malefice
304;docs/img/img Batch 3/WhatsApp Image 2026-07-09 at 09.56.30 (2).jpeg;;bon;1152x2048;Manoir somptueux de Mordenkainen | Marche sur l'onde
305;docs/img/img Batch 3/WhatsApp Image 2026-07-09 at 09.56.31.jpeg;;bon;1152x2048;Marque du chasseur | Mauvais oeil | Message | Messager animal | Metal brulant
306;docs/img/img Batch 3/WhatsApp Image 2026-07-09 at 09.56.31 (1).jpeg;;bon;1152x2048;Metamorphose | Metamorphose animale | Metamorphose supreme
307;docs/img/img Batch 3/WhatsApp Image 2026-07-09 at 09.56.31 (2).jpeg;;bon;1152x2048;Mirage | Modification d'apparence | Modification de memoire
308;docs/img/img Batch 3/WhatsApp Image 2026-07-09 at 09.56.32.jpeg;;bon;1152x2048;Monture fantome
309;docs/img/img Batch 3/WhatsApp Image 2026-07-09 at 09.56.32 (1).jpeg;;bon;1152x2048;Moquerie cruelle | Mot de guerison | Mot de guerison de groupe | Mot de pouvoir etourdissant
310;docs/img/img Batch 3/WhatsApp Image 2026-07-09 at 09.56.32 (2).jpeg;;bon;1152x2048;Mot de pouvoir fortifiant | Mot de pouvoir guerisseur | Mot de pouvoir mortel | Mot de radiance | Mot de retour | Motif hypnotique | Mur d'epines
311;docs/img/img Batch 3/WhatsApp Image 2026-07-09 at 09.56.33.jpeg;;bon;1152x2048;Mur de feu | Mur de force | Mur de glace | Mur de pierre
312;docs/img/img Batch 3/WhatsApp Image 2026-07-09 at 09.56.33 (1).jpeg;;bon;1152x2048;Mur prismatique | Mur de vent
313;docs/img/img Batch 3/WhatsApp Image 2026-07-09 at 09.56.33 (2).jpeg;;bon;1152x2048;Murmures dissonants | Mythes et legendes | Nappe de brouillard | Nuage incendiaire | Nuage nauseabond
314;docs/img/img Batch 3/WhatsApp Image 2026-07-09 at 09.56.33 (3).jpeg;;bon;1152x2048;Nuee de dagues | Nuee de meteores | Oeil du mage | Orbe chromatique | Orientation | Parole divine
315;docs/img/img Batch 3/WhatsApp Image 2026-07-09 at 09.56.34.jpeg;;bon;1152x2048;Passage par les arbres
316;docs/img/img Batch 3/WhatsApp Image 2026-07-09 at 09.56.34 (1).jpeg;;bon;1152x2048;Passage sans trace | Passe-muraille | Pattes d'araignee | Peau d'ecorce | Peau de pierre
317;docs/img/img Batch 3/WhatsApp Image 2026-07-09 at 09.56.34 (2).jpeg;;bon;1152x2048;Perception bestiale | Perturbations synaptiques | Petite hutte de Leomund | Petrification | Piqure mentale
318;docs/img/img Batch 3/WhatsApp Image 2026-07-09 at 09.56.35.jpeg;;bon;1152x2048;Poigne electrique | Portail | Portail arcanique
319;docs/img/img Batch 3/WhatsApp Image 2026-07-09 at 09.56.35 (1).jpeg;;bon;1152x2048;Porte dimensionnelle | Possession | Poussiere d'etoile | Premeditation
320;docs/img/img Batch 3/WhatsApp Image 2026-07-09 at 09.56.35 (2).jpeg;;bon;1152x2048;Premonition | Presence royale de Yolane | Prestidigitation | Priere de guerison | Projectile magique | Projection astrale
321;docs/img/img Batch 3/WhatsApp Image 2026-07-09 at 09.56.35 (3).jpeg;;bon;1152x2048;Protection contre l'energie | Protection contre le mal et le bien | Protection contre la mort | Protection contre le poison | Protections et sceaux
322;docs/img/img Batch 3/WhatsApp Image 2026-07-09 at 09.56.36.jpeg;;bon;1152x2048;Purification de la nourriture et de l'eau | Quete
323;docs/img/img Batch 3/WhatsApp Image 2026-07-09 at 09.56.36 (1).jpeg;;bon;1152x2048;Rappel a la vie | Rayon affaiblissant | Rayon ardent | Rayon empoisonne | Rayon de givre | Rayon de lune
324;docs/img/img Batch 3/WhatsApp Image 2026-07-09 at 09.56.36 (2).jpeg;;bon;1152x2048;Rayon de soleil | Rayon tracant | Regeneration | Reincarnation | Reparation
325;docs/img/img Batch 3/WhatsApp Image 2026-07-09 at 09.56.36 (3).jpeg;;bon;1152x2048;Repli expeditif | Represailles infernales | Resistance | Respiration aquatique
326;docs/img/img Batch 3/WhatsApp Image 2026-07-09 at 09.56.36 (4).jpeg;;bon;1152x2048;Restauration partielle | Restauration supreme | Resurrection
327;docs/img/img Batch 3/WhatsApp Image 2026-07-09 at 09.56.37.jpeg;;bon;1152x2048;Resurrection supreme | Retour a la vie | Sanctification | Sanctuaire | Sanctuaire prive de Mordenkainen
328;docs/img/img Batch 3/WhatsApp Image 2026-07-09 at 09.56.37 (1).jpeg;;bon;1152x2048;Saut | Scrutation
329;docs/img/img Batch 3/WhatsApp Image 2026-07-09 at 09.56.37 (2).jpeg;;bon;1152x2048;Serviteur invisible | Silence | Simulacre | Simulacre de vie
330;docs/img/img Batch 3/WhatsApp Image 2026-07-09 at 09.56.37 (3).jpeg;;bon;1152x2048;Soins | Soins de groupe | Sommeil | Songe | Souffle du dragon
331;docs/img/img Batch 3/WhatsApp Image 2026-07-09 at 09.56.38.jpeg;;bon;1152x2048;Souhait | Sphere de feu
332;docs/img/img Batch 3/WhatsApp Image 2026-07-09 at 09.56.38 (1).jpeg;;bon;1152x2048;Sphere glacee d'Otiluke | Sphere resiliente d'Otiluke
333;docs/img/img Batch 3/WhatsApp Image 2026-07-09 at 09.56.38 (2).jpeg;;bon;1152x2048;Sphere de vitriol | Stabilisation | Suggestion | Suggestion de groupe | Symbole
334;docs/img/img Batch 3/WhatsApp Image 2026-07-09 at 09.56.38 (3).jpeg;;bon;1152x2048;Telekinesie | Telepathie | Teleportation
335;docs/img/img Batch 3/WhatsApp Image 2026-07-09 at 09.56.38 (4).jpeg;;bon;1152x2048;Tempete de feu | Tempete de grele | Tempete de neige
336;WhatsApp Image 2026-07-09 at 09.56.39.jpeg;;bon;0x0;Tempete radieuse de Jallarzi | Tempete vengeresse
337;WhatsApp Image 2026-07-09 at 09.56.39 (1).jpeg;;bon;0x0;Tenebres | Tentacules de Hadar
338;WhatsApp Image 2026-07-09 at 09.56.39 (2).jpeg;;bon;0x0;Tentacules noirs d'Evard | Terrain hallucinatoire
339;WhatsApp Image 2026-07-09 at 09.56.39 (3).jpeg;;bon;0x0;Terreur | Texte illusoire | Thaumaturgie | Toile d'araignee
340;WhatsApp Image 2026-07-09 at 09.56.40.jpeg;;bon;0x0;Trait ensorcele | Trait de feu | Tremblement de terre
341;WhatsApp Image 2026-07-09 at 09.56.40 (1).jpeg;;bon;0x0;Tsunami | Vague destructrice | Vague tonnante | Vent divin | Verrou magique
342;WhatsApp Image 2026-07-09 at 09.56.40 (2).jpeg;;bon;0x0;Vif carquois | Vigueur arcanique | Vision dans le noir | Vision supreme | Voie vegetale | Voile defensif | Vol
343;WhatsApp Image 2026-07-09 at 09.56.40 (3).jpeg;;bon;0x0;Voracite de Hadar | Zone de verite
344;WhatsApp Image 2026-07-09 at 09.56.41.jpeg;;bon;0x0;Le Multivers
346;WhatsApp Image 2026-07-09 at 09.56.41 (1).jpeg;;bon;0x0;Araignee | Araignee geante
347;WhatsApp Image 2026-07-09 at 09.56.41 (2).jpeg;;bon;0x0;Belette | Belette geante | Blaireau | Blaireau geant | Chameau
348;WhatsApp Image 2026-07-09 at 09.56.41 (3).jpeg;;bon;0x0;Chat | Chauve-souris | Cheval de selle | Cheval de trait
349;WhatsApp Image 2026-07-09 at 09.56.41 (4).jpeg;;bon;0x0;Chevre | Chevre geante | Chouette | Corbeau
350;WhatsApp Image 2026-07-09 at 09.56.42.jpeg;;bon;0x0;Crabe | Crabe geant | Crocodile | Destrier
351;WhatsApp Image 2026-07-09 at 09.56.42 (1).jpeg;;bon;0x0;Diablotin | Elephant
352;WhatsApp Image 2026-07-09 at 09.56.42 (2).jpeg;;bon;0x0;Esprit follet | Faucon | Grand cervide
353;WhatsApp Image 2026-07-09 at 09.56.42 (3).jpeg;;bon;0x0;Grand singe | Grenouille | Hippocampe geant | Lezard
354;WhatsApp Image 2026-07-09 at 09.56.42 (4).jpeg;;bon;0x0;Lion | Loup | Loup sanguinaire | Molosse
355;WhatsApp Image 2026-07-09 at 09.56.43.jpeg;;bon;0x0;Mule | Ours brun | Ours noir | Panthere
356;WhatsApp Image 2026-07-09 at 09.56.43 (1).jpeg;;bon;0x0;Pieuvre | Poney | Pseudodragon
357;WhatsApp Image 2026-07-09 at 09.56.43 (2).jpeg;;bon;0x0;Quasit | Rat | Requin de recif | Sanglier
358;WhatsApp Image 2026-07-09 at 09.56.43 (3).jpeg;;bon;0x0;Scorpion | Serpent constricteur | Serpent venimeux | Sphinx merveilleux
359;WhatsApp Image 2026-07-09 at 09.56.44.jpeg;;bon;0x0;Squelette | Tetard slaad | Tigre | Zombi
360;WhatsApp Image 2026-07-09 at 09.56.44 (1).jpeg;;bon;0x0;Glossaire de regles | A terre | Abri | Action | Action Bonus | Agrippe
361;WhatsApp Image 2026-07-09 at 09.56.44 (2).jpeg;;bon;0x0;Alignement | Allie | Allonge | Amical | Arme | Armes improvisees | Arme equivalente | Arrondis a l'inferieur | Asphyxie | Assommer une creature | Assourdi | Attaque
362;WhatsApp Image 2026-07-09 at 09.56.44 (3).jpeg;;bon;0x0;Attaque a mains nues | Attaque d'arme | Attaque de sort | Attaques d'Opportunite | Attitude | Avantage | Aventure | Aveugle | Bris des objets
363;WhatsApp Image 2026-07-09 at 09.56.44 (4).jpeg;;bon;0x0;Points de vie des objets | Campagne | Capacite de charge | Categorie de taille | Charme | Chute | Cible
364;WhatsApp Image 2026-07-09 at 09.56.45.jpeg;;bon;0x0;Classe d'armure | Competence | Concentration | Cone | Coup critique | Creature | Cube | Cylindre | Danger | Degats | Degre de difficulte | Des de vie
365;WhatsApp Image 2026-07-09 at 09.56.45 (1).jpeg;;bon;0x0;DESAVANTAGE | DESENGAGEMENT | DESHYDRATATION | BESOINS QUOTIDIENS EN EAU | EFFET MAGIQUE | EFFETS SIMULTANES | EFFRAYE | EMANATION | EMBRASEMENT | EMPOISONNE | EN PERIL | ENNEMI | ENTRAVE | EPUISEMENT
366;WhatsApp Image 2026-07-09 at 09.56.45 (2).jpeg;;bon;0x0;EPUISEMENT | ESCALADE | ESPACE INOCCUPE | ESPACE OCCUPE | ESQUIVE | ETAT | ETOURDI | ETUDE | DOMAINES DE SAVOIR | EXPERTISE
367;WhatsApp Image 2026-07-09 at 09.56.45 (3).jpeg;;bon;0x0;EXPERTISE | FACTEUR DE PUISSANCE | FICHE DE PERSONNAGE | FOCALISEUR D'INCANTATION | FORMATION AUX ARMURES | FURTIVITE | HARMONISATION | HOSTILE | ILLUSIONS | IMMUNITE
368;WhatsApp Image 2026-07-09 at 09.56.46.jpeg;;bon;0x0;INCONSCIENT | INDIFFERENT | INFLUENCE | TESTS D'INFLUENCE | INITIATIVE | INSPIRATION HEROIQUE | INTENTION
369;WhatsApp Image 2026-07-09 at 09.56.46 (1).jpeg;;bon;0x0;INVISIBLE | JET D'ATTAQUE | JET DE DEGATS | JET DE SAUVEGARDE | JET DE SAUVEGARDE CONTRE LA MORT | JS | LIGNE | LUMIERE FAIBLE | LUMIERE VIVE | LUTTE | MAGIE | MAITRISE
370;WhatsApp Image 2026-07-09 at 09.56.46 (2).jpeg;;bon;0x0;MALEDICTIONS | MALNUTRITION | BESOINS QUOTIDIENS EN NOURRITURE | METAMORPHES | MONSTRE | MORT | NAGE | NEUTRALISE | OBJET | OBSERVATION
371;WhatsApp Image 2026-07-09 at 09.56.46 (3).jpeg;;bon;0x0;OBSERVATION | PAR JOUR | PARALYSE | PERCEPTION DES VIBRATIONS | PERCEPTION PASSIVE | PERSONNAGE JOUEUR | PERSONNAGE NON-JOUEUR | PETRIFIE | POINTE
372;WhatsApp Image 2026-07-09 at 09.56.47.jpeg;;bon;0x0;POINTS D'EXPERIENCE | POINTS DE VIE | POINTS DE VIE TEMPORAIRES | POSSESSION | PROFIL DE JEU
373;WhatsApp Image 2026-07-09 at 09.56.47 (1).jpeg;;bon;0x0;FORMAT DES DEGATS | REACTION | RENCONTRE | REPOS COURT | REPOS LONG | REPTATION | RESISTANCE
374;WhatsApp Image 2026-07-09 at 09.56.47 (2).jpeg;;bon;0x0;RITUEL | SAUT | SAUT EN HAUTEUR | SAUT EN LONGUEUR | SEUIL DE DEGATS | SOINS | SORT | SORT MINEUR | SOUTIEN
375;WhatsApp Image 2026-07-09 at 09.56.47 (3).jpeg;;bon;0x0;SPHERE | STABILISE | SURPRISE | TELEPATHIE | TELEPORTATION | TENEBRES | TERRAIN DIFFICILE | TEST DE CARACTERISTIQUE | TEST D20
376;WhatsApp Image 2026-07-09 at 09.56.48.jpeg;;bon;0x0;TYPE DE CREATURE | TYPES DE DEGATS | UTILISATION | VALEUR ET MODIFICATEUR DE CARACTERISTIQUE | VISIBILITE NULLE | VISIBILITE REDUITE | VISION AVEUGLE | VISION DANS LE NOIR | VISION LUCIDE
377;WhatsApp Image 2026-07-09 at 09.56.48 (1).jpeg;;bon;0x0;VITESSE | VITESSE D'ESCALADE | VITESSE DE FOUISSEMENT | VITESSE DE NAGE | VITESSE DE VOL | VOL | VOL STATIONNAIRE | VULNERABILITE | ZONE D'EFFET
178;docs/img/pages/178.jpeg;;bon;1536x2048;Acolyte | Artisan
